simulated_k54_l200_18,simulated_k54_l200_22,simulated_k54_l200_24,simulated_k54_l200_28,simulated_k54_l200_30,simulated_k54_l200_32,simulated_k54_l200_42,simulated_k54_l200_44,simulated_k54_l200_46,simulated_k54_l200_48,simulated_k54_l200_52,simulated_k54_l200_54,simulated_k54_l200_55,simulated_k54_l200_56,simulated_k54_l200_58,simulated_k54_l200_62,simulated_k54_l200_63,simulated_k54_l200_64,simulated_k54_l200_65,simulated_k54_l200_66,simulated_k54_l200_68,simulated_k54_l200_69,simulated_k54_l200_70,simulated_k54_l200_71,simulated_k54_l200_72,simulated_k54_l200_74,simulated_k54_l200_76,simulated_k54_l200_78,simulated_k54_l200_79,simulated_k54_l200_80,simulated_k54_l200_81,simulated_k54_l200_82,simulated_k54_l200_84,simulated_k54_l200_85,simulated_k54_l200_86,simulated_k54_l200_87,simulated_k54_l200_88,simulated_k54_l200_89,simulated_k54_l200_90,simulated_k54_l200_91,simulated_k54_l200_92,simulated_k54_l200_93,simulated_k54_l200_94,simulated_k54_l200_95,simulated_k54_l200_96,simulated_k54_l200_97,simulated_k54_l200_98,simulated_k54_l200_99,simulated_k54_l200_100,simulated_k54_l200_102,simulated_k54_l200_103,simulated_k54_l200_104,simulated_k54_l200_105,simulated_k54_l200_106,MST_1,MST_2,MST_3,MST_4,MST_5,MST_6,MST_7,MST_8,MST_9,MST_10,MST_11,MST_12,MST_13,MST_14,MST_15,MST_16,MST_17,MST_18,MST_19,MST_20,MST_21,MST_22,MST_23,MST_24,MST_25,MST_26,MST_27,MST_28,MST_29,MST_30,MST_31,MST_32,MST_33,MST_34,MST_35,MST_36,MST_37,MST_38,MST_39,MST_40,MST_41,MST_42,MST_43,MST_44,MST_45,MST_46,MST_47,MST_48,MST_49,MST_50,MST_51,MST_52,MST_53,MST_54,MST_55,MST_56,SEQ_0,SEQ_1,SEQ_2,SEQ_3,SEQ_4,SEQ_5,SEQ_6,SEQ_7,SEQ_8,SEQ_9,SEQ_10,SEQ_11,SEQ_12,SEQ_13,SEQ_14,SEQ_15,SEQ_16,SEQ_17,SEQ_18,SEQ_19,SEQ_20,SEQ_21,SEQ_22,SEQ_23,SEQ_24,SEQ_25,SEQ_26,SEQ_27,SEQ_28,SEQ_29,SEQ_30,SEQ_31,SEQ_32,SEQ_33,SEQ_34,SEQ_35,SEQ_36,SEQ_37,SEQ_38,SEQ_39,SEQ_40,SEQ_41,SEQ_42,SEQ_43,SEQ_44,SEQ_45,SEQ_46,SEQ_47,SEQ_48,SEQ_49,SEQ_50,SEQ_51,SEQ_52,SEQ_53
0.0,21.0,21.0,22.0,26.0,13.0,23.0,14.0,30.0,21.0,20.0,26.0,31.0,28.0,19.0,15.0,16.0,16.0,15.0,12.0,21.0,21.0,22.0,16.0,14.0,22.0,22.0,24.0,23.0,24.0,22.0,23.0,18.0,28.0,27.0,15.0,16.0,23.0,24.0,25.0,28.0,21.0,20.0,16.0,16.0,24.0,24.0,28.0,25.0,24.0,11.0,10.0,25.0,26.0,35.0,21.0,13.0,49.0,57.0,46.0,41.0,37.0,34.0,30.0,23.0,22.0,16.0,14.0,14.0,13.0,14.0,13.0,12.0,13.0,14.0,13.0,13.0,13.0,13.0,14.0,14.0,14.0,14.0,13.0,13.0,13.0,13.0,13.0,13.0,12.0,11.0,11.0,11.0,11.0,11.0,11.0,11.0,11.0,11.0,11.0,11.0,11.0,11.0,12.0,12.0,12.0,12.0,12.0,37.0,34.0,54.0,52.0,56.0,49.0,41.0,38.0,34.0,30.0,25.0,22.0,21.0,14.0,14.0,13.0,14.0,13.0,12.0,13.0,14.0,14.0,13.0,13.0,13.0,14.0,14.0,14.0,14.0,13.0,13.0,13.0,13.0,13.0,13.0,12.0,11.0,11.0,11.0,11.0,11.0,11.0,11.0,11.0,11.0,11.0,11.0,11.0,11.0,11.0,11.0,12.0,12.0,12.0,12.0,12.0
,0.0,24.0,25.0,29.0,18.0,20.0,23.0,29.0,24.0,17.0,25.0,30.0,27.0,18.0,20.0,13.0,13.0,22.0,19.0,20.0,20.0,21.0,15.0,15.0,19.0,17.0,25.0,22.0,23.0,19.0,20.0,27.0,25.0,24.0,24.0,25.0,22.0,23.0,20.0,23.0,24.0,23.0,27.0,27.0,21.0,21.0,27.0,24.0,19.0,18.0,17.0,20.0,21.0,33.0,20.0,14.0,51.0,58.0,45.0,41.0,37.0,34.0,33.0,28.0,25.0,19.0,17.0,17.0,16.0,13.0,12.0,11.0,10.0,11.0,10.0,10.0,10.0,10.0,11.0,11.0,11.0,11.0,12.0,12.0,12.0,12.0,12.0,12.0,13.0,14.0,14.0,14.0,14.0,14.0,14.0,14.0,14.0,14.0,14.0,14.0,14.0,14.0,15.0,15.0,15.0,15.0,15.0,41.0,32.0,51.0,49.0,57.0,49.0,41.0,38.0,34.0,33.0,30.0,25.0,24.0,17.0,17.0,16.0,13.0,12.0,11.0,10.0,11.0,11.0,10.0,10.0,10.0,11.0,11.0,11.0,11.0,12.0,12.0,12.0,12.0,12.0,12.0,13.0,14.0,14.0,14.0,14.0,14.0,14.0,14.0,14.0,14.0,14.0,14.0,14.0,14.0,14.0,14.0,15.0,15.0,15.0,15.0,15.0
,,0.0,23.0,27.0,22.0,26.0,23.0,33.0,22.0,25.0,27.0,34.0,31.0,26.0,24.0,21.0,21.0,20.0,21.0,28.0,22.0,25.0,15.0,13.0,25.0,27.0,27.0,24.0,25.0,25.0,26.0,25.0,31.0,30.0,24.0,25.0,24.0,25.0,30.0,33.0,20.0,21.0,25.0,25.0,29.0,29.0,29.0,26.0,29.0,20.0,19.0,30.0,31.0,36.0,24.0,16.0,58.0,62.0,50.0,45.0,40.0,39.0,37.0,30.0,29.0,22.0,20.0,20.0,19.0,18.0,17.0,18.0,16.0,17.0,18.0,18.0,18.0,18.0,17.0,17.0,17.0,17.0,16.0,16.0,16.0,16.0,16.0,16.0,15.0,14.0,14.0,14.0,14.0,14.0,14.0,14.0,14.0,14.0,14.0,14.0,14.0,14.0,15.0,15.0,15.0,15.0,15.0,39.0,34.0,54.0,60.0,60.0,53.0,46.0,41.0,39.0,37.0,33.0,29.0,28.0,20.0,20.0,19.0,18.0,17.0,18.0,16.0,17.0,17.0,18.0,18.0,18.0,17.0,17.0,17.0,17.0,16.0,16.0,16.0,16.0,16.0,16.0,15.0,14.0,14.0,14.0,14.0,14.0,14.0,14.0,14.0,14.0,14.0,14.0,14.0,14.0,14.0,14.0,15.0,15.0,15.0,15.0,15.0
,,,0.0,14.0,19.0,25.0,18.0,32.0,9.0,24.0,28.0,33.0,30.0,25.0,25.0,20.0,20.0,25.0,22.0,27.0,23.0,24.0,20.0,18.0,24.0,26.0,28.0,25.0,26.0,24.0,25.0,24.0,30.0,29.0,21.0,22.0,23.0,24.0,29.0,32.0,9.0,8.0,28.0,28.0,27.0,27.0,30.0,27.0,28.0,21.0,20.0,29.0,30.0,37.0,23.0,15.0,50.0,56.0,45.0,41.0,41.0,38.0,34.0,29.0,28.0,24.0,24.0,24.0,23.0,20.0,19.0,20.0,19.0,18.0,17.0,17.0,17.0,17.0,16.0,16.0,16.0,16.0,15.0,15.0,15.0,15.0,15.0,15.0,14.0,13.0,13.0,13.0,13.0,13.0,13.0,13.0,13.0,13.0,13.0,13.0,13.0,13.0,12.0,12.0,12.0,12.0,12.0,42.0,33.0,54.0,53.0,55.0,47.0,41.0,42.0,38.0,34.0,31.0,28.0,29.0,24.0,24.0,23.0,20.0,19.0,20.0,19.0,18.0,18.0,17.0,17.0,17.0,16.0,16.0,16.0,16.0,15.0,15.0,15.0,15.0,15.0,15.0,14.0,13.0,13.0,13.0,13.0,13.0,13.0,13.0,13.0,13.0,13.0,13.0,13.0,13.0,13.0,13.0,12.0,12.0,12.0,12.0,12.0
,,,,0.0,25.0,27.0,26.0,32.0,11.0,28.0,32.0,35.0,32.0,29.0,27.0,24.0,24.0,29.0,26.0,31.0,23.0,24.0,24.0,22.0,26.0,30.0,32.0,29.0,30.0,26.0,27.0,28.0,32.0,31.0,25.0,26.0,25.0,26.0,33.0,36.0,11.0,10.0,32.0,32.0,32.0,32.0,34.0,31.0,32.0,25.0,24.0,33.0,34.0,33.0,25.0,19.0,45.0,54.0,44.0,42.0,42.0,39.0,36.0,33.0,32.0,28.0,28.0,28.0,27.0,24.0,23.0,24.0,23.0,22.0,21.0,21.0,21.0,21.0,20.0,20.0,20.0,20.0,19.0,19.0,19.0,19.0,19.0,19.0,18.0,17.0,17.0,17.0,17.0,17.0,17.0,17.0,17.0,17.0,17.0,17.0,17.0,17.0,16.0,16.0,16.0,16.0,16.0,37.0,33.0,50.0,47.0,54.0,47.0,42.0,43.0,39.0,36.0,33.0,32.0,33.0,28.0,28.0,27.0,24.0,23.0,24.0,23.0,22.0,22.0,21.0,21.0,21.0,20.0,20.0,20.0,20.0,19.0,19.0,19.0,19.0,19.0,19.0,18.0,17.0,17.0,17.0,17.0,17.0,17.0,17.0,17.0,17.0,17.0,17.0,17.0,17.0,17.0,17.0,16.0,16.0,16.0,16.0,16.0
,,,,,0.0,24.0,7.0,29.0,20.0,21.0,25.0,30.0,27.0,20.0,14.0,17.0,17.0,12.0,9.0,24.0,24.0,25.0,15.0,13.0,23.0,23.0,23.0,22.0,23.0,23.0,24.0,11.0,29.0,28.0,8.0,9.0,22.0,23.0,26.0,29.0,20.0,19.0,17.0,17.0,25.0,25.0,27.0,24.0,25.0,10.0,9.0,26.0,27.0,36.0,16.0,10.0,52.0,57.0,44.0,38.0,34.0,33.0,29.0,22.0,19.0,17.0,15.0,15.0,14.0,15.0,14.0,13.0,14.0,15.0,14.0,14.0,14.0,14.0,13.0,13.0,13.0,13.0,12.0,12.0,12.0,12.0,12.0,12.0,11.0,10.0,10.0,10.0,10.0,10.0,10.0,10.0,10.0,10.0,10.0,10.0,10.0,10.0,11.0,11.0,11.0,11.0,11.0,40.0,33.0,54.0,50.0,56.0,48.0,38.0,35.0,33.0,29.0,24.0,19.0,22.0,15.0,15.0,14.0,15.0,14.0,13.0,14.0,15.0,15.0,14.0,14.0,14.0,13.0,13.0,13.0,13.0,12.0,12.0,12.0,12.0,12.0,12.0,11.0,10.0,10.0,10.0,10.0,10.0,10.0,10.0,10.0,10.0,10.0,10.0,10.0,10.0,10.0,10.0,11.0,11.0,11.0,11.0,11.0
,,,,,,0.0,23.0,29.0,24.0,17.0,21.0,30.0,27.0,18.0,22.0,13.0,13.0,24.0,21.0,20.0,6.0,7.0,19.0,19.0,5.0,19.0,23.0,20.0,21.0,5.0,6.0,29.0,11.0,10.0,26.0,27.0,18.0,19.0,22.0,25.0,24.0,23.0,29.0,29.0,21.0,21.0,25.0,22.0,21.0,20.0,19.0,22.0,23.0,34.0,22.0,16.0,48.0,50.0,37.0,32.0,30.0,27.0,23.0,22.0,21.0,17.0,15.0,15.0,14.0,11.0,12.0,13.0,12.0,11.0,10.0,10.0,10.0,10.0,11.0,11.0,11.0,11.0,12.0,12.0,12.0,12.0,12.0,12.0,13.0,14.0,14.0,14.0,14.0,14.0,14.0,14.0,14.0,14.0,14.0,14.0,14.0,14.0,15.0,15.0,15.0,15.0,15.0,40.0,34.0,52.0,50.0,49.0,40.0,32.0,31.0,27.0,23.0,22.0,21.0,22.0,15.0,15.0,14.0,11.0,12.0,13.0,12.0,11.0,11.0,10.0,10.0,10.0,11.0,11.0,11.0,11.0,12.0,12.0,12.0,12.0,12.0,12.0,13.0,14.0,14.0,14.0,14.0,14.0,14.0,14.0,14.0,14.0,14.0,14.0,14.0,14.0,14.0,14.0,15.0,15.0,15.0,15.0,15.0
,,,,,,,0.0,30.0,21.0,22.0,24.0,31.0,28.0,19.0,15.0,18.0,18.0,13.0,10.0,23.0,23.0,24.0,16.0,14.0,22.0,22.0,22.0,21.0,22.0,22.0,23.0,12.0,28.0,27.0,9.0,10.0,23.0,24.0,25.0,28.0,21.0,20.0,18.0,18.0,26.0,26.0,26.0,23.0,24.0,11.0,10.0,25.0,26.0,35.0,21.0,13.0,47.0,52.0,40.0,35.0,31.0,30.0,26.0,19.0,18.0,16.0,14.0,14.0,13.0,14.0,15.0,14.0,15.0,16.0,15.0,15.0,15.0,15.0,14.0,14.0,14.0,14.0,13.0,13.0,13.0,13.0,13.0,13.0,12.0,11.0,11.0,11.0,11.0,11.0,11.0,11.0,11.0,11.0,11.0,11.0,11.0,11.0,12.0,12.0,12.0,12.0,12.0,39.0,32.0,56.0,50.0,51.0,44.0,35.0,32.0,30.0,26.0,21.0,18.0,21.0,14.0,14.0,13.0,14.0,15.0,14.0,15.0,16.0,16.0,15.0,15.0,15.0,14.0,14.0,14.0,14.0,13.0,13.0,13.0,13.0,13.0,13.0,12.0,11.0,11.0,11.0,11.0,11.0,11.0,11.0,11.0,11.0,11.0,11.0,11.0,11.0,11.0,11.0,12.0,12.0,12.0,12.0,12.0
,,,,,,,,0.0,31.0,24.0,22.0,11.0,8.0,25.0,31.0,22.0,20.0,31.0,28.0,27.0,27.0,28.0,22.0,22.0,28.0,26.0,22.0,19.0,20.0,28.0,29.0,34.0,34.0,33.0,31.0,32.0,19.0,20.0,29.0,32.0,31.0,30.0,32.0,32.0,28.0,28.0,24.0,21.0,28.0,27.0,26.0,29.0,28.0,30.0,22.0,21.0,46.0,53.0,46.0,42.0,40.0,39.0,32.0,28.0,25.0,27.0,25.0,25.0,24.0,21.0,20.0,19.0,21.0,20.0,19.0,19.0,19.0,19.0,18.0,18.0,18.0,18.0,17.0,17.0,17.0,17.0,17.0,17.0,18.0,19.0,19.0,19.0,19.0,19.0,19.0,19.0,19.0,19.0,19.0,19.0,19.0,19.0,20.0,20.0,20.0,20.0,20.0,44.0,31.0,50.0,49.0,51.0,46.0,42.0,41.0,39.0,35.0,27.0,25.0,25.0,25.0,25.0,25.0,21.0,20.0,19.0,21.0,20.0,20.0,19.0,19.0,19.0,18.0,18.0,18.0,18.0,17.0,17.0,17.0,17.0,17.0,17.0,18.0,19.0,19.0,19.0,19.0,19.0,19.0,19.0,19.0,19.0,19.0,19.0,19.0,19.0,19.0,19.0,20.0,20.0,20.0,20.0,20.0
,,,,,,,,,0.0,23.0,27.0,32.0,29.0,24.0,24.0,19.0,19.0,24.0,21.0,26.0,22.0,23.0,19.0,17.0,23.0,23.0,27.0,24.0,25.0,23.0,24.0,23.0,29.0,28.0,20.0,21.0,22.0,23.0,28.0,31.0,4.0,3.0,27.0,27.0,27.0,27.0,29.0,26.0,27.0,20.0,19.0,26.0,27.0,37.0,20.0,14.0,47.0,52.0,43.0,41.0,41.0,36.0,33.0,28.0,27.0,23.0,23.0,23.0,22.0,19.0,18.0,19.0,18.0,17.0,16.0,16.0,16.0,16.0,15.0,15.0,15.0,15.0,14.0,14.0,14.0,14.0,14.0,14.0,13.0,12.0,12.0,12.0,12.0,12.0,12.0,12.0,12.0,12.0,12.0,12.0,12.0,12.0,11.0,11.0,11.0,11.0,11.0,41.0,33.0,55.0,49.0,51.0,44.0,41.0,42.0,36.0,33.0,30.0,27.0,28.0,23.0,23.0,22.0,19.0,18.0,19.0,18.0,17.0,17.0,16.0,16.0,16.0,15.0,15.0,15.0,15.0,14.0,14.0,14.0,14.0,14.0,14.0,13.0,12.0,12.0,12.0,12.0,12.0,12.0,12.0,12.0,12.0,12.0,12.0,12.0,12.0,12.0,12.0,11.0,11.0,11.0,11.0,11.0
,,,,,,,,,,0.0,22.0,25.0,22.0,7.0,21.0,10.0,8.0,21.0,18.0,9.0,17.0,18.0,16.0,16.0,16.0,8.0,22.0,19.0,20.0,16.0,17.0,26.0,22.0,21.0,23.0,24.0,19.0,20.0,11.0,14.0,23.0,22.0,22.0,22.0,8.0,8.0,24.0,21.0,10.0,17.0,16.0,11.0,12.0,34.0,21.0,13.0,49.0,54.0,42.0,37.0,33.0,30.0,26.0,19.0,16.0,8.0,12.0,12.0,13.0,10.0,9.0,8.0,9.0,8.0,7.0,7.0,7.0,7.0,8.0,8.0,8.0,8.0,9.0,9.0,9.0,9.0,9.0,9.0,10.0,11.0,11.0,11.0,11.0,11.0,11.0,11.0,11.0,11.0,11.0,11.0,11.0,11.0,12.0,12.0,12.0,12.0,12.0,41.0,35.0,53.0,51.0,52.0,45.0,37.0,34.0,30.0,26.0,21.0,16.0,15.0,12.0,12.0,14.0,10.0,9.0,8.0,9.0,8.0,8.0,7.0,7.0,7.0,8.0,8.0,8.0,8.0,9.0,9.0,9.0,9.0,9.0,9.0,10.0,11.0,11.0,11.0,11.0,11.0,11.0,11.0,11.0,11.0,11.0,11.0,11.0,11.0,11.0,11.0,12.0,12.0,12.0,12.0,12.0
,,,,,,,,,,,0.0,23.0,20.0,23.0,27.0,18.0,18.0,27.0,24.0,25.0,23.0,24.0,20.0,20.0,22.0,24.0,6.0,7.0,8.0,22.0,23.0,30.0,28.0,27.0,27.0,28.0,11.0,12.0,27.0,30.0,25.0,26.0,30.0,30.0,26.0,26.0,8.0,5.0,26.0,23.0,22.0,27.0,28.0,34.0,18.0,17.0,45.0,49.0,36.0,35.0,33.0,30.0,28.0,23.0,20.0,22.0,20.0,20.0,19.0,18.0,19.0,18.0,17.0,16.0,15.0,15.0,15.0,15.0,14.0,14.0,14.0,14.0,13.0,13.0,13.0,13.0,13.0,13.0,14.0,15.0,15.0,15.0,15.0,15.0,15.0,15.0,15.0,15.0,15.0,15.0,15.0,15.0,16.0,16.0,16.0,16.0,16.0,41.0,31.0,50.0,50.0,49.0,40.0,35.0,34.0,30.0,26.0,25.0,20.0,19.0,20.0,20.0,20.0,18.0,19.0,18.0,17.0,16.0,16.0,15.0,15.0,15.0,14.0,14.0,14.0,14.0,13.0,13.0,13.0,13.0,13.0,13.0,14.0,15.0,15.0,15.0,15.0,15.0,15.0,15.0,15.0,15.0,15.0,15.0,15.0,15.0,15.0,15.0,16.0,16.0,16.0,16.0,16.0
,,,,,,,,,,,,0.0,9.0,26.0,32.0,23.0,21.0,32.0,29.0,28.0,28.0,29.0,23.0,23.0,29.0,27.0,23.0,20.0,21.0,29.0,30.0,35.0,35.0,34.0,32.0,33.0,20.0,21.0,30.0,33.0,32.0,31.0,33.0,33.0,29.0,29.0,25.0,22.0,29.0,28.0,27.0,30.0,29.0,33.0,22.0,21.0,48.0,53.0,46.0,41.0,39.0,38.0,33.0,29.0,26.0,28.0,26.0,26.0,25.0,22.0,21.0,20.0,22.0,21.0,20.0,20.0,20.0,20.0,19.0,19.0,19.0,19.0,18.0,18.0,18.0,18.0,18.0,18.0,19.0,20.0,20.0,20.0,20.0,20.0,20.0,20.0,20.0,20.0,20.0,20.0,20.0,20.0,21.0,21.0,21.0,21.0,21.0,43.0,31.0,48.0,51.0,51.0,47.0,41.0,40.0,38.0,36.0,28.0,26.0,26.0,26.0,26.0,26.0,22.0,21.0,20.0,22.0,21.0,21.0,20.0,20.0,20.0,19.0,19.0,19.0,19.0,18.0,18.0,18.0,18.0,18.0,18.0,19.0,20.0,20.0,20.0,20.0,20.0,20.0,20.0,20.0,20.0,20.0,20.0,20.0,20.0,20.0,20.0,21.0,21.0,21.0,21.0,21.0
,,,,,,,,,,,,,0.0,23.0,29.0,20.0,18.0,29.0,26.0,25.0,25.0,26.0,20.0,20.0,26.0,24.0,20.0,15.0,16.0,26.0,27.0,32.0,32.0,31.0,29.0,30.0,17.0,18.0,27.0,28.0,29.0,28.0,30.0,30.0,26.0,26.0,22.0,19.0,26.0,25.0,24.0,27.0,26.0,31.0,20.0,19.0,45.0,50.0,44.0,39.0,37.0,36.0,29.0,25.0,22.0,24.0,22.0,21.0,20.0,19.0,18.0,17.0,19.0,18.0,17.0,17.0,17.0,17.0,16.0,16.0,16.0,16.0,15.0,15.0,15.0,15.0,15.0,15.0,16.0,17.0,17.0,17.0,17.0,17.0,17.0,17.0,17.0,17.0,17.0,17.0,17.0,17.0,18.0,18.0,18.0,18.0,18.0,42.0,33.0,53.0,48.0,47.0,45.0,39.0,38.0,36.0,32.0,24.0,22.0,22.0,22.0,21.0,21.0,19.0,18.0,17.0,19.0,18.0,18.0,17.0,17.0,17.0,16.0,16.0,16.0,16.0,15.0,15.0,15.0,15.0,15.0,15.0,16.0,17.0,17.0,17.0,17.0,17.0,17.0,17.0,17.0,17.0,17.0,17.0,17.0,17.0,17.0,17.0,18.0,18.0,18.0,18.0,18.0
,,,,,,,,,,,,,,0.0,20.0,11.0,9.0,20.0,17.0,6.0,18.0,19.0,17.0,17.0,17.0,5.0,23.0,20.0,21.0,17.0,18.0,25.0,23.0,22.0,22.0,23.0,20.0,21.0,8.0,11.0,24.0,23.0,21.0,21.0,11.0,11.0,25.0,22.0,7.0,16.0,15.0,8.0,9.0,33.0,22.0,14.0,45.0,50.0,37.0,32.0,28.0,25.0,21.0,16.0,15.0,9.0,11.0,11.0,13.0,11.0,10.0,9.0,10.0,9.0,8.0,8.0,8.0,8.0,9.0,9.0,9.0,9.0,10.0,10.0,10.0,10.0,10.0,10.0,11.0,12.0,12.0,12.0,12.0,12.0,12.0,12.0,12.0,12.0,12.0,12.0,12.0,12.0,13.0,13.0,13.0,13.0,13.0,39.0,34.0,51.0,47.0,49.0,40.0,32.0,29.0,25.0,21.0,18.0,15.0,14.0,11.0,12.0,14.0,11.0,10.0,9.0,10.0,9.0,9.0,8.0,8.0,8.0,9.0,9.0,9.0,9.0,10.0,10.0,10.0,10.0,10.0,10.0,11.0,12.0,12.0,12.0,12.0,12.0,12.0,12.0,12.0,12.0,12.0,12.0,12.0,12.0,12.0,12.0,13.0,13.0,13.0,13.0,13.0
,,,,,,,,,,,,,,,0.0,17.0,17.0,12.0,9.0,24.0,22.0,23.0,17.0,15.0,21.0,23.0,25.0,24.0,25.0,21.0,22.0,19.0,27.0,26.0,16.0,17.0,24.0,25.0,26.0,29.0,24.0,23.0,19.0,19.0,25.0,25.0,29.0,26.0,25.0,8.0,7.0,26.0,27.0,31.0,20.0,14.0,50.0,57.0,44.0,39.0,37.0,35.0,31.0,24.0,23.0,17.0,15.0,15.0,14.0,15.0,14.0,13.0,14.0,15.0,14.0,14.0,14.0,14.0,13.0,13.0,13.0,13.0,14.0,14.0,14.0,14.0,14.0,14.0,13.0,12.0,12.0,12.0,12.0,12.0,12.0,12.0,12.0,12.0,12.0,12.0,12.0,12.0,13.0,13.0,13.0,13.0,13.0,39.0,32.0,53.0,52.0,56.0,48.0,39.0,38.0,35.0,31.0,26.0,23.0,22.0,15.0,15.0,14.0,15.0,14.0,13.0,14.0,15.0,15.0,14.0,14.0,14.0,13.0,13.0,13.0,13.0,14.0,14.0,14.0,14.0,14.0,14.0,13.0,12.0,12.0,12.0,12.0,12.0,12.0,12.0,12.0,12.0,12.0,12.0,12.0,12.0,12.0,12.0,13.0,13.0,13.0,13.0,13.0
,,,,,,,,,,,,,,,,0.0,4.0,17.0,14.0,13.0,13.0,14.0,12.0,12.0,12.0,12.0,18.0,15.0,16.0,12.0,13.0,20.0,18.0,17.0,19.0,20.0,15.0,16.0,15.0,18.0,19.0,18.0,22.0,22.0,14.0,14.0,20.0,17.0,14.0,13.0,12.0,15.0,16.0,35.0,17.0,9.0,50.0,59.0,46.0,41.0,37.0,34.0,30.0,23.0,20.0,14.0,12.0,12.0,11.0,8.0,7.0,6.0,5.0,4.0,3.0,3.0,3.0,3.0,4.0,4.0,4.0,4.0,5.0,5.0,5.0,5.0,5.0,5.0,6.0,7.0,7.0,7.0,7.0,7.0,7.0,7.0,7.0,7.0,7.0,7.0,7.0,7.0,8.0,8.0,8.0,8.0,8.0,44.0,36.0,56.0,52.0,58.0,49.0,41.0,38.0,34.0,30.0,25.0,20.0,19.0,12.0,12.0,11.0,8.0,7.0,6.0,5.0,4.0,4.0,3.0,3.0,3.0,4.0,4.0,4.0,4.0,5.0,5.0,5.0,5.0,5.0,5.0,6.0,7.0,7.0,7.0,7.0,7.0,7.0,7.0,7.0,7.0,7.0,7.0,7.0,7.0,7.0,7.0,8.0,8.0,8.0,8.0,8.0
,,,,,,,,,,,,,,,,,0.0,17.0,14.0,11.0,13.0,14.0,12.0,12.0,12.0,10.0,18.0,15.0,16.0,12.0,13.0,22.0,18.0,17.0,19.0,20.0,15.0,16.0,13.0,16.0,19.0,18.0,20.0,20.0,12.0,12.0,20.0,17.0,12.0,13.0,12.0,13.0,14.0,35.0,17.0,9.0,50.0,57.0,44.0,39.0,35.0,32.0,28.0,21.0,18.0,12.0,10.0,10.0,9.0,6.0,5.0,4.0,5.0,4.0,3.0,3.0,3.0,3.0,4.0,4.0,4.0,4.0,5.0,5.0,5.0,5.0,5.0,5.0,6.0,7.0,7.0,7.0,7.0,7.0,7.0,7.0,7.0,7.0,7.0,7.0,7.0,7.0,8.0,8.0,8.0,8.0,8.0,42.0,35.0,56.0,52.0,56.0,47.0,39.0,36.0,32.0,28.0,23.0,18.0,17.0,10.0,10.0,10.0,6.0,5.0,4.0,5.0,4.0,4.0,3.0,3.0,3.0,4.0,4.0,4.0,4.0,5.0,5.0,5.0,5.0,5.0,5.0,6.0,7.0,7.0,7.0,7.0,7.0,7.0,7.0,7.0,7.0,7.0,7.0,7.0,7.0,7.0,7.0,8.0,8.0,8.0,8.0,8.0
,,,,,,,,,,,,,,,,,,0.0,5.0,24.0,24.0,25.0,17.0,15.0,23.0,23.0,25.0,24.0,25.0,23.0,24.0,15.0,29.0,28.0,12.0,13.0,24.0,25.0,26.0,29.0,24.0,23.0,19.0,19.0,25.0,25.0,29.0,26.0,25.0,8.0,7.0,26.0,27.0,32.0,20.0,14.0,48.0,57.0,44.0,38.0,36.0,33.0,31.0,24.0,21.0,17.0,15.0,15.0,14.0,15.0,14.0,13.0,14.0,15.0,14.0,14.0,14.0,14.0,13.0,13.0,13.0,13.0,14.0,14.0,14.0,14.0,14.0,14.0,13.0,12.0,12.0,12.0,12.0,12.0,12.0,12.0,12.0,12.0,12.0,12.0,12.0,12.0,13.0,13.0,13.0,13.0,13.0,40.0,31.0,53.0,50.0,55.0,46.0,38.0,37.0,33.0,31.0,26.0,21.0,22.0,15.0,15.0,14.0,15.0,14.0,13.0,14.0,15.0,15.0,14.0,14.0,14.0,13.0,13.0,13.0,13.0,14.0,14.0,14.0,14.0,14.0,14.0,13.0,12.0,12.0,12.0,12.0,12.0,12.0,12.0,12.0,12.0,12.0,12.0,12.0,12.0,12.0,12.0,13.0,13.0,13.0,13.0,13.0
,,,,,,,,,,,,,,,,,,,0.0,21.0,21.0,22.0,14.0,12.0,20.0,20.0,22.0,21.0,22.0,20.0,21.0,12.0,26.0,25.0,9.0,10.0,21.0,22.0,23.0,26.0,21.0,20.0,16.0,16.0,22.0,22.0,26.0,23.0,22.0,5.0,4.0,23.0,24.0,34.0,17.0,11.0,49.0,54.0,41.0,37.0,35.0,32.0,28.0,21.0,18.0,14.0,12.0,12.0,11.0,12.0,11.0,10.0,11.0,12.0,11.0,11.0,11.0,11.0,10.0,10.0,10.0,10.0,11.0,11.0,11.0,11.0,11.0,11.0,10.0,9.0,9.0,9.0,9.0,9.0,9.0,9.0,9.0,9.0,9.0,9.0,9.0,9.0,10.0,10.0,10.0,10.0,10.0,39.0,33.0,55.0,51.0,53.0,45.0,35.0,36.0,32.0,28.0,23.0,18.0,19.0,12.0,12.0,11.0,12.0,11.0,10.0,11.0,12.0,12.0,11.0,11.0,11.0,10.0,10.0,10.0,10.0,11.0,11.0,11.0,11.0,11.0,11.0,10.0,9.0,9.0,9.0,9.0,9.0,9.0,9.0,9.0,9.0,9.0,9.0,9.0,9.0,9.0,9.0,10.0,10.0,10.0,10.0,10.0
,,,,,,,,,,,,,,,,,,,,0.0,20.0,21.0,19.0,19.0,19.0,7.0,25.0,22.0,23.0,19.0,20.0,29.0,25.0,24.0,26.0,27.0,22.0,23.0,6.0,9.0,26.0,25.0,25.0,25.0,13.0,13.0,27.0,24.0,9.0,20.0,19.0,10.0,11.0,32.0,22.0,16.0,43.0,52.0,41.0,36.0,32.0,29.0,25.0,20.0,19.0,13.0,15.0,15.0,16.0,13.0,12.0,11.0,12.0,11.0,10.0,10.0,10.0,10.0,11.0,11.0,11.0,11.0,12.0,12.0,12.0,12.0,12.0,12.0,13.0,14.0,14.0,14.0,14.0,14.0,14.0,14.0,14.0,14.0,14.0,14.0,14.0,14.0,15.0,15.0,15.0,15.0,15.0,39.0,32.0,49.0,45.0,49.0,44.0,36.0,33.0,29.0,25.0,22.0,19.0,18.0,15.0,15.0,17.0,13.0,12.0,11.0,12.0,11.0,11.0,10.0,10.0,10.0,11.0,11.0,11.0,11.0,12.0,12.0,12.0,12.0,12.0,12.0,13.0,14.0,14.0,14.0,14.0,14.0,14.0,14.0,14.0,14.0,14.0,14.0,14.0,14.0,14.0,14.0,15.0,15.0,15.0,15.0,15.0
,,,,,,,,,,,,,,,,,,,,,0.0,3.0,19.0,19.0,5.0,19.0,23.0,20.0,21.0,5.0,6.0,27.0,11.0,10.0,26.0,27.0,20.0,21.0,22.0,25.0,22.0,21.0,27.0,27.0,21.0,21.0,25.0,22.0,21.0,20.0,19.0,22.0,23.0,32.0,22.0,16.0,46.0,46.0,33.0,28.0,24.0,25.0,21.0,20.0,21.0,17.0,15.0,15.0,14.0,11.0,12.0,13.0,12.0,11.0,10.0,10.0,10.0,10.0,11.0,11.0,11.0,11.0,12.0,12.0,12.0,12.0,12.0,12.0,13.0,14.0,14.0,14.0,14.0,14.0,14.0,14.0,14.0,14.0,14.0,14.0,14.0,14.0,15.0,15.0,15.0,15.0,15.0,39.0,33.0,52.0,48.0,45.0,36.0,28.0,25.0,25.0,21.0,20.0,21.0,22.0,15.0,15.0,14.0,11.0,12.0,13.0,12.0,11.0,11.0,10.0,10.0,10.0,11.0,11.0,11.0,11.0,12.0,12.0,12.0,12.0,12.0,12.0,13.0,14.0,14.0,14.0,14.0,14.0,14.0,14.0,14.0,14.0,14.0,14.0,14.0,14.0,14.0,14.0,15.0,15.0,15.0,15.0,15.0
,,,,,,,,,,,,,,,,,,,,,,0.0,20.0,20.0,6.0,20.0,24.0,21.0,22.0,6.0,7.0,30.0,12.0,11.0,27.0,28.0,21.0,22.0,23.0,26.0,23.0,22.0,30.0,30.0,22.0,22.0,26.0,23.0,22.0,21.0,20.0,23.0,24.0,32.0,23.0,17.0,45.0,48.0,35.0,30.0,26.0,25.0,21.0,20.0,21.0,17.0,15.0,15.0,14.0,11.0,13.0,14.0,13.0,12.0,11.0,11.0,11.0,11.0,12.0,12.0,12.0,12.0,13.0,13.0,13.0,13.0,13.0,13.0,14.0,15.0,15.0,15.0,15.0,15.0,15.0,15.0,15.0,15.0,15.0,15.0,15.0,15.0,16.0,16.0,16.0,16.0,16.0,38.0,34.0,51.0,48.0,47.0,38.0,30.0,27.0,25.0,21.0,20.0,21.0,22.0,15.0,15.0,14.0,10.0,13.0,14.0,13.0,12.0,12.0,11.0,11.0,11.0,12.0,12.0,12.0,12.0,13.0,13.0,13.0,13.0,13.0,13.0,14.0,15.0,15.0,15.0,15.0,15.0,15.0,15.0,15.0,15.0,15.0,15.0,15.0,15.0,15.0,15.0,16.0,16.0,16.0,16.0,16.0
,,,,,,,,,,,,,,,,,,,,,,,0.0,2.0,18.0,18.0,18.0,17.0,18.0,18.0,19.0,20.0,24.0,23.0,17.0,18.0,17.0,18.0,21.0,24.0,19.0,18.0,20.0,20.0,20.0,20.0,22.0,19.0,20.0,13.0,12.0,21.0,22.0,37.0,17.0,9.0,52.0,57.0,47.0,43.0,41.0,38.0,34.0,27.0,24.0,17.0,15.0,15.0,14.0,11.0,10.0,9.0,7.0,8.0,9.0,9.0,9.0,9.0,8.0,8.0,8.0,8.0,7.0,7.0,7.0,7.0,7.0,7.0,6.0,7.0,7.0,7.0,7.0,7.0,7.0,7.0,7.0,7.0,7.0,7.0,7.0,7.0,8.0,8.0,8.0,8.0,8.0,43.0,36.0,58.0,54.0,56.0,51.0,43.0,42.0,38.0,34.0,29.0,24.0,23.0,15.0,15.0,14.0,11.0,10.0,9.0,7.0,8.0,8.0,9.0,9.0,9.0,8.0,8.0,8.0,8.0,7.0,7.0,7.0,7.0,7.0,7.0,6.0,7.0,7.0,7.0,7.0,7.0,7.0,7.0,7.0,7.0,7.0,7.0,7.0,7.0,7.0,7.0,8.0,8.0,8.0,8.0,8.0
,,,,,,,,,,,,,,,,,,,,,,,,0.0,18.0,18.0,18.0,17.0,18.0,18.0,19.0,18.0,24.0,23.0,15.0,16.0,17.0,18.0,21.0,24.0,17.0,16.0,18.0,18.0,20.0,20.0,22.0,19.0,20.0,11.0,10.0,21.0,22.0,39.0,15.0,7.0,52.0,57.0,47.0,43.0,41.0,38.0,34.0,27.0,24.0,17.0,15.0,15.0,14.0,11.0,10.0,9.0,7.0,8.0,9.0,9.0,9.0,9.0,8.0,8.0,8.0,8.0,7.0,7.0,7.0,7.0,7.0,7.0,6.0,5.0,5.0,5.0,5.0,5.0,5.0,5.0,5.0,5.0,5.0,5.0,5.0,5.0,6.0,6.0,6.0,6.0,6.0,43.0,38.0,60.0,54.0,56.0,51.0,43.0,42.0,38.0,34.0,29.0,24.0,23.0,15.0,15.0,14.0,11.0,10.0,9.0,7.0,8.0,8.0,9.0,9.0,9.0,8.0,8.0,8.0,8.0,7.0,7.0,7.0,7.0,7.0,7.0,6.0,5.0,5.0,5.0,5.0,5.0,5.0,5.0,5.0,5.0,5.0,5.0,5.0,5.0,5.0,5.0,6.0,6.0,6.0,6.0,6.0
,,,,,,,,,,,,,,,,,,,,,,,,,0.0,18.0,22.0,19.0,20.0,2.0,3.0,28.0,8.0,7.0,25.0,26.0,19.0,20.0,21.0,24.0,23.0,22.0,28.0,28.0,20.0,20.0,24.0,21.0,20.0,19.0,18.0,21.0,22.0,34.0,21.0,15.0,47.0,49.0,36.0,31.0,27.0,24.0,22.0,21.0,20.0,16.0,14.0,14.0,13.0,10.0,11.0,12.0,11.0,10.0,9.0,9.0,9.0,9.0,10.0,10.0,10.0,10.0,11.0,11.0,11.0,11.0,11.0,11.0,12.0,13.0,13.0,13.0,13.0,13.0,13.0,13.0,13.0,13.0,13.0,13.0,13.0,13.0,14.0,14.0,14.0,14.0,14.0,41.0,33.0,53.0,49.0,48.0,39.0,31.0,28.0,24.0,22.0,21.0,20.0,21.0,14.0,14.0,13.0,10.0,11.0,12.0,11.0,10.0,10.0,9.0,9.0,9.0,10.0,10.0,10.0,10.0,11.0,11.0,11.0,11.0,11.0,11.0,12.0,13.0,13.0,13.0,13.0,13.0,13.0,13.0,13.0,13.0,13.0,13.0,13.0,13.0,13.0,13.0,14.0,14.0,14.0,14.0,14.0
,,,,,,,,,,,,,,,,,,,,,,,,,,0.0,24.0,21.0,22.0,18.0,19.0,28.0,24.0,23.0,25.0,26.0,21.0,22.0,7.0,10.0,25.0,24.0,24.0,24.0,12.0,12.0,26.0,23.0,4.0,19.0,18.0,3.0,4.0,32.0,21.0,15.0,42.0,47.0,36.0,33.0,29.0,26.0,24.0,19.0,18.0,12.0,14.0,14.0,15.0,12.0,11.0,10.0,11.0,10.0,9.0,9.0,9.0,9.0,10.0,10.0,10.0,10.0,11.0,11.0,11.0,11.0,11.0,11.0,12.0,13.0,13.0,13.0,13.0,13.0,13.0,13.0,13.0,13.0,13.0,13.0,13.0,13.0,14.0,14.0,14.0,14.0,14.0,41.0,34.0,51.0,44.0,46.0,37.0,33.0,30.0,26.0,24.0,21.0,18.0,17.0,14.0,14.0,16.0,12.0,11.0,10.0,11.0,10.0,10.0,9.0,9.0,9.0,10.0,10.0,10.0,10.0,11.0,11.0,11.0,11.0,11.0,11.0,12.0,13.0,13.0,13.0,13.0,13.0,13.0,13.0,13.0,13.0,13.0,13.0,13.0,13.0,13.0,13.0,14.0,14.0,14.0,14.0,14.0
,,,,,,,,,,,,,,,,,,,,,,,,,,,0.0,7.0,8.0,22.0,23.0,28.0,28.0,27.0,25.0,26.0,13.0,14.0,27.0,30.0,25.0,26.0,28.0,28.0,26.0,26.0,6.0,3.0,26.0,21.0,20.0,27.0,28.0,33.0,18.0,17.0,43.0,45.0,36.0,35.0,31.0,28.0,26.0,21.0,18.0,20.0,18.0,18.0,17.0,18.0,19.0,18.0,17.0,16.0,15.0,15.0,15.0,15.0,14.0,14.0,14.0,14.0,13.0,13.0,13.0,13.0,13.0,13.0,14.0,15.0,15.0,15.0,15.0,15.0,15.0,15.0,15.0,15.0,15.0,15.0,15.0,15.0,16.0,16.0,16.0,16.0,16.0,40.0,31.0,51.0,46.0,45.0,40.0,35.0,32.0,28.0,24.0,23.0,18.0,17.0,18.0,18.0,18.0,18.0,19.0,18.0,17.0,16.0,16.0,15.0,15.0,15.0,14.0,14.0,14.0,14.0,13.0,13.0,13.0,13.0,13.0,13.0,14.0,15.0,15.0,15.0,15.0,15.0,15.0,15.0,15.0,15.0,15.0,15.0,15.0,15.0,15.0,15.0,16.0,16.0,16.0,16.0,16.0
,,,,,,,,,,,,,,,,,,,,,,,,,,,,0.0,1.0,19.0,20.0,27.0,25.0,24.0,24.0,25.0,10.0,11.0,24.0,27.0,22.0,23.0,27.0,27.0,23.0,23.0,9.0,6.0,23.0,20.0,19.0,24.0,25.0,33.0,14.0,14.0,46.0,49.0,39.0,34.0,30.0,27.0,25.0,20.0,17.0,19.0,17.0,17.0,16.0,15.0,16.0,15.0,14.0,13.0,12.0,12.0,12.0,12.0,11.0,11.0,11.0,11.0,10.0,10.0,10.0,10.0,10.0,10.0,11.0,12.0,12.0,12.0,12.0,12.0,12.0,12.0,12.0,12.0,12.0,12.0,12.0,12.0,13.0,13.0,13.0,13.0,13.0,42.0,35.0,53.0,49.0,51.0,43.0,34.0,31.0,27.0,23.0,22.0,17.0,16.0,17.0,17.0,17.0,15.0,16.0,15.0,14.0,13.0,13.0,12.0,12.0,12.0,11.0,11.0,11.0,11.0,10.0,10.0,10.0,10.0,10.0,10.0,11.0,12.0,12.0,12.0,12.0,12.0,12.0,12.0,12.0,12.0,12.0,12.0,12.0,12.0,12.0,12.0,13.0,13.0,13.0,13.0,13.0
,,,,,,,,,,,,,,,,,,,,,,,,,,,,,0.0,20.0,21.0,28.0,26.0,25.0,25.0,26.0,11.0,12.0,25.0,28.0,23.0,24.0,28.0,28.0,24.0,24.0,10.0,7.0,24.0,21.0,20.0,25.0,26.0,33.0,15.0,15.0,47.0,50.0,40.0,35.0,31.0,28.0,26.0,21.0,18.0,20.0,18.0,18.0,17.0,16.0,17.0,16.0,15.0,14.0,13.0,13.0,13.0,13.0,12.0,12.0,12.0,12.0,11.0,11.0,11.0,11.0,11.0,11.0,12.0,13.0,13.0,13.0,13.0,13.0,13.0,13.0,13.0,13.0,13.0,13.0,13.0,13.0,14.0,14.0,14.0,14.0,14.0,41.0,34.0,52.0,50.0,52.0,44.0,35.0,32.0,28.0,24.0,23.0,18.0,17.0,18.0,18.0,18.0,16.0,17.0,16.0,15.0,14.0,14.0,13.0,13.0,13.0,12.0,12.0,12.0,12.0,11.0,11.0,11.0,11.0,11.0,11.0,12.0,13.0,13.0,13.0,13.0,13.0,13.0,13.0,13.0,13.0,13.0,13.0,13.0,13.0,13.0,13.0,14.0,14.0,14.0,14.0,14.0
,,,,,,,,,,,,,,,,,,,,,,,,,,,,,,0.0,3.0,28.0,6.0,5.0,25.0,26.0,19.0,20.0,21.0,24.0,23.0,22.0,28.0,28.0,20.0,20.0,24.0,21.0,20.0,19.0,18.0,21.0,22.0,34.0,21.0,15.0,45.0,47.0,36.0,31.0,29.0,26.0,22.0,21.0,20.0,16.0,14.0,14.0,13.0,10.0,11.0,12.0,11.0,10.0,9.0,9.0,9.0,9.0,10.0,10.0,10.0,10.0,11.0,11.0,11.0,11.0,11.0,11.0,12.0,13.0,13.0,13.0,13.0,13.0,13.0,13.0,13.0,13.0,13.0,13.0,13.0,13.0,14.0,14.0,14.0,14.0,14.0,40.0,34.0,54.0,47.0,46.0,39.0,31.0,30.0,26.0,22.0,21.0,20.0,21.0,14.0,14.0,13.0,10.0,11.0,12.0,11.0,10.0,10.0,9.0,9.0,9.0,10.0,10.0,10.0,10.0,11.0,11.0,11.0,11.0,11.0,11.0,12.0,13.0,13.0,13.0,13.0,13.0,13.0,13.0,13.0,13.0,13.0,13.0,13.0,13.0,13.0,13.0,14.0,14.0,14.0,14.0,14.0
,,,,,,,,,,,,,,,,,,,,,,,,,,,,,,,0.0,29.0,7.0,6.0,26.0,27.0,20.0,21.0,22.0,25.0,24.0,23.0,29.0,29.0,21.0,21.0,25.0,22.0,21.0,20.0,19.0,22.0,23.0,34.0,22.0,16.0,47.0,50.0,37.0,30.0,28.0,25.0,23.0,22.0,21.0,17.0,15.0,15.0,14.0,11.0,12.0,13.0,12.0,11.0,10.0,10.0,10.0,10.0,11.0,11.0,11.0,11.0,12.0,12.0,12.0,12.0,12.0,12.0,13.0,14.0,14.0,14.0,14.0,14.0,14.0,14.0,14.0,14.0,14.0,14.0,14.0,14.0,15.0,15.0,15.0,15.0,15.0,41.0,33.0,54.0,49.0,48.0,39.0,32.0,29.0,25.0,23.0,22.0,21.0,22.0,15.0,15.0,14.0,11.0,12.0,13.0,12.0,11.0,11.0,10.0,10.0,10.0,11.0,11.0,11.0,11.0,12.0,12.0,12.0,12.0,12.0,12.0,13.0,14.0,14.0,14.0,14.0,14.0,14.0,14.0,14.0,14.0,14.0,14.0,14.0,14.0,14.0,14.0,15.0,15.0,15.0,15.0,15.0
,,,,,,,,,,,,,,,,,,,,,,,,,,,,,,,,0.0,34.0,33.0,3.0,4.0,27.0,28.0,31.0,34.0,23.0,22.0,20.0,20.0,30.0,30.0,32.0,29.0,30.0,15.0,14.0,31.0,32.0,33.0,21.0,17.0,46.0,51.0,42.0,40.0,36.0,37.0,34.0,27.0,24.0,22.0,20.0,20.0,19.0,20.0,19.0,18.0,19.0,20.0,19.0,19.0,19.0,19.0,18.0,18.0,18.0,18.0,17.0,17.0,17.0,17.0,17.0,17.0,16.0,15.0,15.0,15.0,15.0,15.0,15.0,15.0,15.0,15.0,15.0,15.0,15.0,15.0,16.0,16.0,16.0,16.0,16.0,38.0,30.0,52.0,48.0,50.0,46.0,38.0,37.0,37.0,34.0,29.0,24.0,27.0,20.0,20.0,19.0,20.0,19.0,18.0,19.0,20.0,20.0,19.0,19.0,19.0,18.0,18.0,18.0,18.0,17.0,17.0,17.0,17.0,17.0,17.0,16.0,15.0,15.0,15.0,15.0,15.0,15.0,15.0,15.0,15.0,15.0,15.0,15.0,15.0,15.0,15.0,16.0,16.0,16.0,16.0,16.0
,,,,,,,,,,,,,,,,,,,,,,,,,,,,,,,,,0.0,1.0,31.0,32.0,25.0,26.0,27.0,30.0,28.0,27.0,32.0,32.0,26.0,26.0,28.0,25.0,26.0,25.0,24.0,27.0,28.0,33.0,25.0,21.0,43.0,49.0,38.0,31.0,31.0,28.0,27.0,26.0,25.0,22.0,20.0,20.0,19.0,16.0,17.0,18.0,17.0,16.0,15.0,15.0,15.0,15.0,16.0,16.0,16.0,16.0,17.0,17.0,17.0,17.0,17.0,17.0,18.0,19.0,19.0,19.0,19.0,19.0,19.0,19.0,19.0,19.0,19.0,19.0,19.0,19.0,20.0,20.0,20.0,20.0,20.0,40.0,31.0,53.0,45.0,47.0,41.0,33.0,30.0,28.0,27.0,26.0,25.0,26.0,20.0,20.0,19.0,16.0,17.0,18.0,17.0,16.0,16.0,15.0,15.0,15.0,16.0,16.0,16.0,16.0,17.0,17.0,17.0,17.0,17.0,17.0,18.0,19.0,19.0,19.0,19.0,19.0,19.0,19.0,19.0,19.0,19.0,19.0,19.0,19.0,19.0,19.0,20.0,20.0,20.0,20.0,20.0
,,,,,,,,,,,,,,,,,,,,,,,,,,,,,,,,,,0.0,30.0,31.0,24.0,25.0,26.0,29.0,27.0,26.0,31.0,31.0,25.0,25.0,27.0,24.0,25.0,24.0,23.0,26.0,27.0,33.0,24.0,20.0,43.0,49.0,38.0,31.0,31.0,28.0,27.0,26.0,25.0,21.0,19.0,19.0,18.0,15.0,16.0,17.0,16.0,15.0,14.0,14.0,14.0,14.0,15.0,15.0,15.0,15.0,16.0,16.0,16.0,16.0,16.0,16.0,17.0,18.0,18.0,18.0,18.0,18.0,18.0,18.0,18.0,18.0,18.0,18.0,18.0,18.0,19.0,19.0,19.0,19.0,19.0,40.0,32.0,53.0,45.0,47.0,41.0,33.0,30.0,28.0,27.0,26.0,25.0,26.0,19.0,19.0,18.0,15.0,16.0,17.0,16.0,15.0,15.0,14.0,14.0,14.0,15.0,15.0,15.0,15.0,16.0,16.0,16.0,16.0,16.0,16.0,17.0,18.0,18.0,18.0,18.0,18.0,18.0,18.0,18.0,18.0,18.0,18.0,18.0,18.0,18.0,18.0,19.0,19.0,19.0,19.0,19.0
,,,,,,,,,,,,,,,,,,,,,,,,,,,,,,,,,,,0.0,1.0,24.0,25.0,28.0,31.0,20.0,19.0,19.0,19.0,27.0,27.0,29.0,26.0,27.0,12.0,11.0,28.0,29.0,34.0,20.0,14.0,45.0,50.0,41.0,39.0,35.0,34.0,31.0,24.0,21.0,19.0,17.0,17.0,16.0,17.0,16.0,15.0,16.0,17.0,16.0,16.0,16.0,16.0,15.0,15.0,15.0,15.0,14.0,14.0,14.0,14.0,14.0,14.0,13.0,12.0,12.0,12.0,12.0,12.0,12.0,12.0,12.0,12.0,12.0,12.0,12.0,12.0,13.0,13.0,13.0,13.0,13.0,39.0,33.0,53.0,47.0,49.0,46.0,37.0,36.0,34.0,31.0,26.0,21.0,24.0,17.0,17.0,16.0,17.0,16.0,15.0,16.0,17.0,17.0,16.0,16.0,16.0,15.0,15.0,15.0,15.0,14.0,14.0,14.0,14.0,14.0,14.0,13.0,12.0,12.0,12.0,12.0,12.0,12.0,12.0,12.0,12.0,12.0,12.0,12.0,12.0,12.0,12.0,13.0,13.0,13.0,13.0,13.0
,,,,,,,,,,,,,,,,,,,,,,,,,,,,,,,,,,,,0.0,25.0,26.0,29.0,32.0,21.0,20.0,20.0,20.0,28.0,28.0,30.0,27.0,28.0,13.0,12.0,29.0,30.0,34.0,21.0,15.0,46.0,51.0,42.0,40.0,36.0,35.0,32.0,25.0,22.0,20.0,18.0,18.0,17.0,18.0,17.0,16.0,17.0,18.0,17.0,17.0,17.0,17.0,16.0,16.0,16.0,16.0,15.0,15.0,15.0,15.0,15.0,15.0,14.0,13.0,13.0,13.0,13.0,13.0,13.0,13.0,13.0,13.0,13.0,13.0,13.0,13.0,14.0,14.0,14.0,14.0,14.0,39.0,33.0,52.0,48.0,50.0,47.0,38.0,37.0,35.0,32.0,27.0,22.0,25.0,18.0,18.0,17.0,18.0,17.0,16.0,17.0,18.0,18.0,17.0,17.0,17.0,16.0,16.0,16.0,16.0,15.0,15.0,15.0,15.0,15.0,15.0,14.0,13.0,13.0,13.0,13.0,13.0,13.0,13.0,13.0,13.0,13.0,13.0,13.0,13.0,13.0,13.0,14.0,14.0,14.0,14.0,14.0
,,,,,,,,,,,,,,,,,,,,,,,,,,,,,,,,,,,,,0.0,1.0,24.0,27.0,22.0,21.0,27.0,27.0,23.0,23.0,15.0,12.0,23.0,20.0,19.0,24.0,25.0,33.0,16.0,14.0,45.0,49.0,39.0,36.0,34.0,31.0,27.0,22.0,19.0,21.0,19.0,19.0,18.0,15.0,14.0,15.0,14.0,13.0,12.0,12.0,12.0,12.0,11.0,11.0,11.0,11.0,10.0,10.0,10.0,10.0,10.0,10.0,11.0,12.0,12.0,12.0,12.0,12.0,12.0,12.0,12.0,12.0,12.0,12.0,12.0,12.0,13.0,13.0,13.0,13.0,13.0,40.0,35.0,53.0,47.0,49.0,41.0,36.0,35.0,31.0,27.0,24.0,19.0,18.0,19.0,19.0,18.0,15.0,14.0,15.0,14.0,13.0,13.0,12.0,12.0,12.0,11.0,11.0,11.0,11.0,10.0,10.0,10.0,10.0,10.0,10.0,11.0,12.0,12.0,12.0,12.0,12.0,12.0,12.0,12.0,12.0,12.0,12.0,12.0,12.0,12.0,12.0,13.0,13.0,13.0,13.0,13.0
,,,,,,,,,,,,,,,,,,,,,,,,,,,,,,,,,,,,,,0.0,25.0,28.0,23.0,22.0,28.0,28.0,24.0,24.0,14.0,13.0,24.0,21.0,20.0,25.0,26.0,32.0,17.0,15.0,44.0,50.0,40.0,37.0,35.0,32.0,28.0,23.0,20.0,22.0,20.0,20.0,19.0,16.0,15.0,16.0,15.0,14.0,13.0,13.0,13.0,13.0,12.0,12.0,12.0,12.0,11.0,11.0,11.0,11.0,11.0,11.0,12.0,13.0,13.0,13.0,13.0,13.0,13.0,13.0,13.0,13.0,13.0,13.0,13.0,13.0,14.0,14.0,14.0,14.0,14.0,40.0,34.0,52.0,46.0,50.0,42.0,37.0,36.0,32.0,28.0,25.0,20.0,19.0,20.0,20.0,19.0,16.0,15.0,16.0,15.0,14.0,14.0,13.0,13.0,13.0,12.0,12.0,12.0,12.0,11.0,11.0,11.0,11.0,11.0,11.0,12.0,13.0,13.0,13.0,13.0,13.0,13.0,13.0,13.0,13.0,13.0,13.0,13.0,13.0,13.0,13.0,14.0,14.0,14.0,14.0,14.0
,,,,,,,,,,,,,,,,,,,,,,,,,,,,,,,,,,,,,,,0.0,3.0,28.0,27.0,27.0,27.0,15.0,15.0,29.0,26.0,9.0,22.0,21.0,10.0,11.0,30.0,23.0,18.0,41.0,50.0,39.0,36.0,30.0,27.0,27.0,22.0,21.0,15.0,17.0,17.0,18.0,15.0,14.0,13.0,14.0,13.0,12.0,12.0,12.0,12.0,13.0,13.0,13.0,13.0,14.0,14.0,14.0,14.0,14.0,14.0,15.0,16.0,16.0,16.0,16.0,16.0,16.0,16.0,16.0,16.0,16.0,16.0,16.0,16.0,17.0,17.0,17.0,17.0,17.0,41.0,33.0,50.0,43.0,47.0,43.0,36.0,31.0,27.0,27.0,24.0,21.0,20.0,17.0,17.0,19.0,15.0,14.0,13.0,14.0,13.0,13.0,12.0,12.0,12.0,13.0,13.0,13.0,13.0,14.0,14.0,14.0,14.0,14.0,14.0,15.0,16.0,16.0,16.0,16.0,16.0,16.0,16.0,16.0,16.0,16.0,16.0,16.0,16.0,16.0,16.0,17.0,17.0,17.0,17.0,17.0
,,,,,,,,,,,,,,,,,,,,,,,,,,,,,,,,,,,,,,,,0.0,31.0,30.0,30.0,30.0,18.0,18.0,32.0,29.0,12.0,25.0,24.0,13.0,14.0,30.0,26.0,21.0,44.0,50.0,41.0,38.0,32.0,29.0,29.0,24.0,23.0,17.0,19.0,18.0,19.0,18.0,17.0,16.0,17.0,16.0,15.0,15.0,15.0,15.0,16.0,16.0,16.0,16.0,17.0,17.0,17.0,17.0,17.0,17.0,18.0,19.0,19.0,19.0,19.0,19.0,19.0,19.0,19.0,19.0,19.0,19.0,19.0,19.0,20.0,20.0,20.0,20.0,20.0,40.0,32.0,49.0,45.0,46.0,45.0,38.0,33.0,29.0,29.0,26.0,23.0,22.0,19.0,18.0,20.0,18.0,17.0,16.0,17.0,16.0,16.0,15.0,15.0,15.0,16.0,16.0,16.0,16.0,17.0,17.0,17.0,17.0,17.0,17.0,18.0,19.0,19.0,19.0,19.0,19.0,19.0,19.0,19.0,19.0,19.0,19.0,19.0,19.0,19.0,19.0,20.0,20.0,20.0,20.0,20.0
,,,,,,,,,,,,,,,,,,,,,,,,,,,,,,,,,,,,,,,,,0.0,1.0,27.0,27.0,26.0,26.0,27.0,24.0,27.0,20.0,19.0,28.0,29.0,37.0,20.0,14.0,47.0,50.0,39.0,37.0,37.0,32.0,31.0,26.0,25.0,19.0,20.0,19.0,18.0,17.0,16.0,17.0,17.0,16.0,16.0,16.0,16.0,16.0,15.0,15.0,15.0,15.0,14.0,14.0,14.0,14.0,14.0,14.0,13.0,12.0,12.0,12.0,12.0,12.0,12.0,12.0,12.0,12.0,12.0,12.0,12.0,12.0,11.0,11.0,11.0,11.0,11.0,41.0,32.0,55.0,49.0,49.0,44.0,37.0,38.0,32.0,31.0,29.0,25.0,25.0,20.0,19.0,18.0,17.0,16.0,17.0,17.0,16.0,16.0,16.0,16.0,16.0,15.0,15.0,15.0,15.0,14.0,14.0,14.0,14.0,14.0,14.0,13.0,12.0,12.0,12.0,12.0,12.0,12.0,12.0,12.0,12.0,12.0,12.0,12.0,12.0,12.0,12.0,11.0,11.0,11.0,11.0,11.0
,,,,,,,,,,,,,,,,,,,,,,,,,,,,,,,,,,,,,,,,,,0.0,26.0,26.0,26.0,26.0,28.0,25.0,26.0,19.0,18.0,27.0,28.0,38.0,19.0,13.0,46.0,51.0,40.0,38.0,38.0,33.0,32.0,27.0,26.0,20.0,20.0,20.0,19.0,16.0,15.0,16.0,16.0,15.0,15.0,15.0,15.0,15.0,14.0,14.0,14.0,14.0,13.0,13.0,13.0,13.0,13.0,13.0,12.0,11.0,11.0,11.0,11.0,11.0,11.0,11.0,11.0,11.0,11.0,11.0,11.0,11.0,10.0,10.0,10.0,10.0,10.0,41.0,33.0,56.0,48.0,50.0,45.0,38.0,39.0,33.0,32.0,29.0,26.0,25.0,20.0,20.0,19.0,16.0,15.0,16.0,16.0,15.0,15.0,15.0,15.0,15.0,14.0,14.0,14.0,14.0,13.0,13.0,13.0,13.0,13.0,13.0,12.0,11.0,11.0,11.0,11.0,11.0,11.0,11.0,11.0,11.0,11.0,11.0,11.0,11.0,11.0,11.0,10.0,10.0,10.0,10.0,10.0
,,,,,,,,,,,,,,,,,,,,,,,,,,,,,,,,,,,,,,,,,,,0.0,0.0,26.0,26.0,30.0,27.0,26.0,13.0,12.0,27.0,28.0,35.0,23.0,17.0,46.0,56.0,44.0,41.0,39.0,38.0,34.0,27.0,24.0,18.0,16.0,16.0,18.0,18.0,17.0,16.0,19.0,20.0,19.0,19.0,19.0,19.0,18.0,18.0,18.0,18.0,17.0,17.0,17.0,17.0,17.0,17.0,16.0,15.0,15.0,15.0,15.0,15.0,15.0,15.0,15.0,15.0,15.0,15.0,15.0,15.0,16.0,16.0,16.0,16.0,16.0,36.0,31.0,53.0,48.0,55.0,47.0,41.0,38.0,38.0,34.0,29.0,24.0,23.0,16.0,17.0,18.0,18.0,17.0,16.0,19.0,20.0,20.0,19.0,19.0,19.0,18.0,18.0,18.0,18.0,17.0,17.0,17.0,17.0,17.0,17.0,16.0,15.0,15.0,15.0,15.0,15.0,15.0,15.0,15.0,15.0,15.0,15.0,15.0,15.0,15.0,15.0,16.0,16.0,16.0,16.0,16.0
,,,,,,,,,,,,,,,,,,,,,,,,,,,,,,,,,,,,,,,,,,,,0.0,26.0,26.0,30.0,27.0,26.0,13.0,12.0,27.0,28.0,35.0,23.0,17.0,46.0,56.0,44.0,41.0,39.0,38.0,34.0,27.0,24.0,18.0,16.0,16.0,18.0,18.0,17.0,16.0,19.0,20.0,19.0,19.0,19.0,19.0,18.0,18.0,18.0,18.0,17.0,17.0,17.0,17.0,17.0,17.0,16.0,15.0,15.0,15.0,15.0,15.0,15.0,15.0,15.0,15.0,15.0,15.0,15.0,15.0,16.0,16.0,16.0,16.0,16.0,36.0,31.0,53.0,48.0,55.0,47.0,41.0,38.0,38.0,34.0,29.0,24.0,23.0,16.0,17.0,18.0,18.0,17.0,16.0,19.0,20.0,20.0,19.0,19.0,19.0,18.0,18.0,18.0,18.0,17.0,17.0,17.0,17.0,17.0,17.0,16.0,15.0,15.0,15.0,15.0,15.0,15.0,15.0,15.0,15.0,15.0,15.0,15.0,15.0,15.0,15.0,16.0,16.0,16.0,16.0,16.0
,,,,,,,,,,,,,,,,,,,,,,,,,,,,,,,,,,,,,,,,,,,,,0.0,0.0,28.0,25.0,14.0,21.0,20.0,15.0,16.0,34.0,23.0,17.0,47.0,53.0,43.0,40.0,36.0,33.0,30.0,23.0,20.0,11.0,14.0,15.0,16.0,14.0,13.0,12.0,13.0,12.0,11.0,11.0,11.0,11.0,12.0,12.0,12.0,12.0,13.0,13.0,13.0,13.0,13.0,13.0,14.0,15.0,15.0,15.0,15.0,15.0,15.0,15.0,15.0,15.0,15.0,15.0,15.0,15.0,16.0,16.0,16.0,16.0,16.0,40.0,36.0,53.0,46.0,50.0,47.0,40.0,37.0,33.0,30.0,25.0,20.0,17.0,14.0,15.0,17.0,14.0,13.0,12.0,13.0,12.0,12.0,11.0,11.0,11.0,12.0,12.0,12.0,12.0,13.0,13.0,13.0,13.0,13.0,13.0,14.0,15.0,15.0,15.0,15.0,15.0,15.0,15.0,15.0,15.0,15.0,15.0,15.0,15.0,15.0,15.0,16.0,16.0,16.0,16.0,16.0
,,,,,,,,,,,,,,,,,,,,,,,,,,,,,,,,,,,,,,,,,,,,,,0.0,28.0,25.0,14.0,21.0,20.0,15.0,16.0,34.0,23.0,17.0,47.0,53.0,43.0,40.0,36.0,33.0,30.0,23.0,20.0,11.0,14.0,15.0,16.0,14.0,13.0,12.0,13.0,12.0,11.0,11.0,11.0,11.0,12.0,12.0,12.0,12.0,13.0,13.0,13.0,13.0,13.0,13.0,14.0,15.0,15.0,15.0,15.0,15.0,15.0,15.0,15.0,15.0,15.0,15.0,15.0,15.0,16.0,16.0,16.0,16.0,16.0,40.0,36.0,53.0,46.0,50.0,47.0,40.0,37.0,33.0,30.0,25.0,20.0,17.0,14.0,15.0,17.0,14.0,13.0,12.0,13.0,12.0,12.0,11.0,11.0,11.0,12.0,12.0,12.0,12.0,13.0,13.0,13.0,13.0,13.0,13.0,14.0,15.0,15.0,15.0,15.0,15.0,15.0,15.0,15.0,15.0,15.0,15.0,15.0,15.0,15.0,15.0,16.0,16.0,16.0,16.0,16.0
,,,,,,,,,,,,,,,,,,,,,,,,,,,,,,,,,,,,,,,,,,,,,,,0.0,3.0,28.0,25.0,24.0,29.0,30.0,34.0,19.0,19.0,45.0,49.0,38.0,37.0,35.0,32.0,30.0,25.0,22.0,24.0,22.0,22.0,21.0,20.0,21.0,20.0,19.0,18.0,17.0,17.0,17.0,17.0,16.0,16.0,16.0,16.0,15.0,15.0,15.0,15.0,15.0,15.0,16.0,17.0,17.0,17.0,17.0,17.0,17.0,17.0,17.0,17.0,17.0,17.0,17.0,17.0,18.0,18.0,18.0,18.0,18.0,39.0,31.0,50.0,46.0,49.0,42.0,37.0,34.0,32.0,28.0,27.0,22.0,21.0,22.0,22.0,22.0,20.0,21.0,20.0,19.0,18.0,18.0,17.0,17.0,17.0,16.0,16.0,16.0,16.0,15.0,15.0,15.0,15.0,15.0,15.0,16.0,17.0,17.0,17.0,17.0,17.0,17.0,17.0,17.0,17.0,17.0,17.0,17.0,17.0,17.0,17.0,18.0,18.0,18.0,18.0,18.0
,,,,,,,,,,,,,,,,,,,,,,,,,,,,,,,,,,,,,,,,,,,,,,,,0.0,25.0,22.0,21.0,26.0,27.0,34.0,16.0,16.0,44.0,46.0,35.0,34.0,32.0,29.0,27.0,22.0,19.0,21.0,19.0,19.0,18.0,17.0,18.0,17.0,16.0,15.0,14.0,14.0,14.0,14.0,13.0,13.0,13.0,13.0,12.0,12.0,12.0,12.0,12.0,12.0,13.0,14.0,14.0,14.0,14.0,14.0,14.0,14.0,14.0,14.0,14.0,14.0,14.0,14.0,15.0,15.0,15.0,15.0,15.0,40.0,33.0,52.0,47.0,46.0,39.0,34.0,31.0,29.0,25.0,24.0,19.0,18.0,19.0,19.0,19.0,17.0,18.0,17.0,16.0,15.0,15.0,14.0,14.0,14.0,13.0,13.0,13.0,13.0,12.0,12.0,12.0,12.0,12.0,12.0,13.0,14.0,14.0,14.0,14.0,14.0,14.0,14.0,14.0,14.0,14.0,14.0,14.0,14.0,14.0,14.0,15.0,15.0,15.0,15.0,15.0
,,,,,,,,,,,,,,,,,,,,,,,,,,,,,,,,,,,,,,,,,,,,,,,,,0.0,21.0,20.0,1.0,2.0,31.0,23.0,17.0,41.0,48.0,36.0,31.0,27.0,26.0,26.0,21.0,20.0,14.0,16.0,16.0,17.0,14.0,13.0,12.0,13.0,12.0,11.0,11.0,11.0,11.0,12.0,12.0,12.0,12.0,13.0,13.0,13.0,13.0,13.0,13.0,14.0,15.0,15.0,15.0,15.0,15.0,15.0,15.0,15.0,15.0,15.0,15.0,15.0,15.0,16.0,16.0,16.0,16.0,16.0,41.0,33.0,50.0,43.0,45.0,37.0,33.0,28.0,26.0,26.0,23.0,20.0,17.0,16.0,16.0,18.0,14.0,13.0,12.0,13.0,12.0,12.0,11.0,11.0,11.0,12.0,12.0,12.0,12.0,13.0,13.0,13.0,13.0,13.0,13.0,14.0,15.0,15.0,15.0,15.0,15.0,15.0,15.0,15.0,15.0,15.0,15.0,15.0,15.0,15.0,15.0,16.0,16.0,16.0,16.0,16.0
,,,,,,,,,,,,,,,,,,,,,,,,,,,,,,,,,,,,,,,,,,,,,,,,,,0.0,1.0,22.0,23.0,34.0,18.0,10.0,50.0,54.0,41.0,38.0,36.0,33.0,29.0,22.0,19.0,13.0,11.0,11.0,10.0,11.0,10.0,9.0,10.0,11.0,10.0,10.0,10.0,10.0,9.0,9.0,9.0,9.0,10.0,10.0,10.0,10.0,10.0,10.0,9.0,8.0,8.0,8.0,8.0,8.0,8.0,8.0,8.0,8.0,8.0,8.0,8.0,8.0,9.0,9.0,9.0,9.0,9.0,40.0,34.0,56.0,51.0,53.0,44.0,38.0,37.0,33.0,29.0,24.0,19.0,18.0,11.0,11.0,10.0,11.0,10.0,9.0,10.0,11.0,11.0,10.0,10.0,10.0,9.0,9.0,9.0,9.0,10.0,10.0,10.0,10.0,10.0,10.0,9.0,8.0,8.0,8.0,8.0,8.0,8.0,8.0,8.0,8.0,8.0,8.0,8.0,8.0,8.0,8.0,9.0,9.0,9.0,9.0,9.0
,,,,,,,,,,,,,,,,,,,,,,,,,,,,,,,,,,,,,,,,,,,,,,,,,,,0.0,21.0,22.0,35.0,17.0,9.0,49.0,53.0,40.0,37.0,35.0,32.0,28.0,21.0,18.0,12.0,10.0,10.0,9.0,10.0,9.0,8.0,9.0,10.0,9.0,9.0,9.0,9.0,8.0,8.0,8.0,8.0,9.0,9.0,9.0,9.0,9.0,9.0,8.0,7.0,7.0,7.0,7.0,7.0,7.0,7.0,7.0,7.0,7.0,7.0,7.0,7.0,8.0,8.0,8.0,8.0,8.0,40.0,35.0,57.0,50.0,52.0,43.0,37.0,36.0,32.0,28.0,23.0,18.0,17.0,10.0,10.0,9.0,10.0,9.0,8.0,9.0,10.0,10.0,9.0,9.0,9.0,8.0,8.0,8.0,8.0,9.0,9.0,9.0,9.0,9.0,9.0,8.0,7.0,7.0,7.0,7.0,7.0,7.0,7.0,7.0,7.0,7.0,7.0,7.0,7.0,7.0,7.0,8.0,8.0,8.0,8.0,8.0
,,,,,,,,,,,,,,,,,,,,,,,,,,,,,,,,,,,,,,,,,,,,,,,,,,,,0.0,1.0,31.0,22.0,18.0,40.0,47.0,37.0,32.0,28.0,27.0,27.0,22.0,21.0,15.0,17.0,17.0,18.0,15.0,14.0,13.0,14.0,13.0,12.0,12.0,12.0,12.0,13.0,13.0,13.0,13.0,14.0,14.0,14.0,14.0,14.0,14.0,15.0,16.0,16.0,16.0,16.0,16.0,16.0,16.0,16.0,16.0,16.0,16.0,16.0,16.0,17.0,17.0,17.0,17.0,17.0,41.0,33.0,50.0,42.0,44.0,36.0,34.0,29.0,27.0,27.0,24.0,21.0,18.0,17.0,17.0,19.0,15.0,14.0,13.0,14.0,13.0,13.0,12.0,12.0,12.0,13.0,13.0,13.0,13.0,14.0,14.0,14.0,14.0,14.0,14.0,15.0,16.0,16.0,16.0,16.0,16.0,16.0,16.0,16.0,16.0,16.0,16.0,16.0,16.0,16.0,16.0,17.0,17.0,17.0,17.0,17.0
,,,,,,,,,,,,,,,,,,,,,,,,,,,,,,,,,,,,,,,,,,,,,,,,,,,,,0.0,31.0,23.0,19.0,40.0,47.0,38.0,33.0,29.0,28.0,28.0,23.0,22.0,16.0,18.0,18.0,19.0,16.0,15.0,14.0,15.0,14.0,13.0,13.0,13.0,13.0,14.0,14.0,14.0,14.0,15.0,15.0,15.0,15.0,15.0,15.0,16.0,17.0,17.0,17.0,17.0,17.0,17.0,17.0,17.0,17.0,17.0,17.0,17.0,17.0,18.0,18.0,18.0,18.0,18.0,42.0,34.0,50.0,42.0,44.0,37.0,35.0,30.0,28.0,28.0,25.0,22.0,19.0,18.0,18.0,20.0,16.0,15.0,14.0,15.0,14.0,14.0,13.0,13.0,13.0,14.0,14.0,14.0,14.0,15.0,15.0,15.0,15.0,15.0,15.0,16.0,17.0,17.0,17.0,17.0,17.0,17.0,17.0,17.0,17.0,17.0,17.0,17.0,17.0,17.0,17.0,18.0,18.0,18.0,18.0,18.0
,,,,,,,,,,,,,,,,,,,,,,,,,,,,,,,,,,,,,,,,,,,,,,,,,,,,,,0.0,39.0,41.0,11.0,13.0,18.0,19.0,22.0,24.0,25.0,27.0,29.0,32.0,34.0,35.0,35.0,34.0,35.0,35.0,37.0,37.0,37.0,37.0,37.0,37.0,38.0,38.0,38.0,38.0,39.0,39.0,39.0,39.0,39.0,39.0,40.0,41.0,41.0,41.0,41.0,41.0,41.0,41.0,41.0,41.0,41.0,41.0,41.0,41.0,42.0,42.0,42.0,42.0,42.0,3.0,1.0,6.0,10.0,13.0,17.0,19.0,22.0,24.0,25.0,27.0,29.0,29.0,34.0,36.0,35.0,34.0,35.0,35.0,37.0,37.0,37.0,37.0,37.0,37.0,38.0,38.0,38.0,38.0,39.0,39.0,39.0,39.0,39.0,39.0,40.0,41.0,41.0,41.0,41.0,41.0,41.0,41.0,41.0,41.0,41.0,41.0,41.0,41.0,41.0,41.0,42.0,42.0,42.0,42.0,42.0
,,,,,,,,,,,,,,,,,,,,,,,,,,,,,,,,,,,,,,,,,,,,,,,,,,,,,,,0.0,8.0,53.0,55.0,45.0,40.0,37.0,34.0,32.0,28.0,25.0,24.0,21.0,22.0,21.0,18.0,17.0,16.0,14.0,13.0,14.0,14.0,14.0,14.0,13.0,13.0,13.0,13.0,12.0,12.0,12.0,12.0,12.0,12.0,11.0,10.0,10.0,10.0,10.0,10.0,10.0,10.0,10.0,10.0,10.0,10.0,10.0,10.0,11.0,11.0,11.0,11.0,11.0,42.0,37.0,58.0,53.0,57.0,47.0,40.0,37.0,34.0,32.0,27.0,25.0,21.0,21.0,22.0,21.0,18.0,17.0,16.0,14.0,13.0,13.0,14.0,14.0,14.0,13.0,13.0,13.0,13.0,12.0,12.0,12.0,12.0,12.0,12.0,11.0,10.0,10.0,10.0,10.0,10.0,10.0,10.0,10.0,10.0,10.0,10.0,10.0,10.0,10.0,10.0,11.0,11.0,11.0,11.0,11.0
,,,,,,,,,,,,,,,,,,,,,,,,,,,,,,,,,,,,,,,,,,,,,,,,,,,,,,,,0.0,57.0,62.0,49.0,44.0,40.0,37.0,33.0,26.0,23.0,17.0,15.0,15.0,14.0,11.0,10.0,9.0,8.0,7.0,6.0,6.0,6.0,6.0,5.0,5.0,5.0,5.0,4.0,4.0,4.0,4.0,4.0,4.0,3.0,2.0,2.0,2.0,2.0,2.0,2.0,2.0,2.0,2.0,2.0,2.0,2.0,2.0,3.0,3.0,3.0,3.0,3.0,46.0,41.0,62.0,57.0,61.0,52.0,44.0,41.0,37.0,33.0,28.0,23.0,22.0,15.0,15.0,14.0,11.0,10.0,9.0,8.0,7.0,7.0,6.0,6.0,6.0,5.0,5.0,5.0,5.0,4.0,4.0,4.0,4.0,4.0,4.0,3.0,2.0,2.0,2.0,2.0,2.0,2.0,2.0,2.0,2.0,2.0,2.0,2.0,2.0,2.0,2.0,3.0,3.0,3.0,3.0,3.0
,,,,,,,,,,,,,,,,,,,,,,,,,,,,,,,,,,,,,,,,,,,,,,,,,,,,,,,,,0.0,6.0,16.0,21.0,25.0,28.0,30.0,35.0,38.0,41.0,42.0,43.0,45.0,45.0,46.0,47.0,49.0,50.0,50.0,51.0,51.0,51.0,52.0,52.0,52.0,52.0,53.0,53.0,53.0,53.0,53.0,53.0,54.0,55.0,55.0,55.0,55.0,55.0,55.0,55.0,55.0,55.0,55.0,55.0,55.0,55.0,56.0,56.0,56.0,56.0,56.0,20.0,17.0,16.0,4.0,8.0,16.0,22.0,24.0,28.0,30.0,34.0,38.0,38.0,42.0,44.0,46.0,45.0,46.0,47.0,49.0,50.0,50.0,51.0,51.0,51.0,52.0,52.0,52.0,52.0,53.0,53.0,53.0,53.0,53.0,53.0,54.0,55.0,55.0,55.0,55.0,55.0,55.0,55.0,55.0,55.0,55.0,55.0,55.0,55.0,55.0,55.0,56.0,56.0,56.0,56.0,56.0
,,,,,,,,,,,,,,,,,,,,,,,,,,,,,,,,,,,,,,,,,,,,,,,,,,,,,,,,,,0.0,13.0,21.0,26.0,29.0,31.0,36.0,39.0,45.0,47.0,47.0,49.0,49.0,51.0,52.0,54.0,55.0,55.0,56.0,56.0,56.0,57.0,57.0,57.0,57.0,58.0,58.0,58.0,58.0,58.0,58.0,59.0,60.0,60.0,60.0,60.0,60.0,60.0,60.0,60.0,60.0,60.0,60.0,60.0,60.0,61.0,61.0,61.0,61.0,61.0,22.0,22.0,25.0,9.0,1.0,13.0,21.0,25.0,29.0,30.0,36.0,39.0,42.0,47.0,48.0,50.0,49.0,51.0,52.0,54.0,55.0,55.0,56.0,56.0,56.0,57.0,57.0,57.0,57.0,58.0,58.0,58.0,58.0,58.0,58.0,59.0,60.0,60.0,60.0,60.0,60.0,60.0,60.0,60.0,60.0,60.0,60.0,60.0,60.0,60.0,60.0,61.0,61.0,61.0,61.0,61.0
,,,,,,,,,,,,,,,,,,,,,,,,,,,,,,,,,,,,,,,,,,,,,,,,,,,,,,,,,,,0.0,8.0,13.0,16.0,20.0,23.0,26.0,33.0,34.0,35.0,37.0,37.0,39.0,40.0,42.0,43.0,43.0,43.0,43.0,43.0,44.0,44.0,44.0,44.0,45.0,45.0,45.0,45.0,45.0,45.0,46.0,47.0,47.0,47.0,47.0,47.0,47.0,47.0,47.0,47.0,47.0,47.0,47.0,47.0,48.0,48.0,48.0,48.0,48.0,27.0,24.0,31.0,19.0,13.0,4.0,8.0,12.0,16.0,17.0,25.0,26.0,29.0,34.0,36.0,38.0,38.0,39.0,40.0,42.0,43.0,43.0,43.0,43.0,43.0,44.0,44.0,44.0,44.0,45.0,45.0,45.0,45.0,45.0,45.0,46.0,47.0,47.0,47.0,47.0,47.0,47.0,47.0,47.0,47.0,47.0,47.0,47.0,47.0,47.0,47.0,48.0,48.0,48.0,48.0,48.0
,,,,,,,,,,,,,,,,,,,,,,,,,,,,,,,,,,,,,,,,,,,,,,,,,,,,,,,,,,,,0.0,5.0,8.0,13.0,16.0,19.0,27.0,29.0,29.0,31.0,31.0,33.0,34.0,37.0,38.0,38.0,38.0,38.0,38.0,39.0,39.0,39.0,39.0,40.0,40.0,40.0,40.0,40.0,40.0,41.0,42.0,42.0,42.0,42.0,42.0,42.0,42.0,42.0,42.0,42.0,42.0,42.0,42.0,43.0,43.0,43.0,43.0,43.0,36.0,28.0,37.0,25.0,20.0,12.0,2.0,4.0,8.0,10.0,18.0,19.0,23.0,29.0,30.0,32.0,32.0,33.0,34.0,37.0,38.0,38.0,38.0,38.0,38.0,39.0,39.0,39.0,39.0,40.0,40.0,40.0,40.0,40.0,40.0,41.0,42.0,42.0,42.0,42.0,42.0,42.0,42.0,42.0,42.0,42.0,42.0,42.0,42.0,42.0,42.0,43.0,43.0,43.0,43.0,43.0
,,,,,,,,,,,,,,,,,,,,,,,,,,,,,,,,,,,,,,,,,,,,,,,,,,,,,,,,,,,,,0.0,3.0,9.0,12.0,15.0,23.0,25.0,25.0,27.0,27.0,29.0,30.0,33.0,34.0,34.0,34.0,34.0,34.0,35.0,35.0,35.0,35.0,36.0,36.0,36.0,36.0,36.0,36.0,37.0,38.0,38.0,38.0,38.0,38.0,38.0,38.0,38.0,38.0,38.0,38.0,38.0,38.0,39.0,39.0,39.0,39.0,39.0,37.0,28.0,39.0,29.0,24.0,16.0,7.0,1.0,3.0,6.0,14.0,15.0,18.0,25.0,26.0,28.0,28.0,29.0,30.0,33.0,34.0,34.0,34.0,34.0,34.0,35.0,35.0,35.0,35.0,36.0,36.0,36.0,36.0,36.0,36.0,37.0,38.0,38.0,38.0,38.0,38.0,38.0,38.0,38.0,38.0,38.0,38.0,38.0,38.0,38.0,38.0,39.0,39.0,39.0,39.0,39.0
,,,,,,,,,,,,,,,,,,,,,,,,,,,,,,,,,,,,,,,,,,,,,,,,,,,,,,,,,,,,,,0.0,6.0,9.0,12.0,20.0,22.0,22.0,24.0,24.0,26.0,27.0,30.0,31.0,31.0,31.0,31.0,31.0,32.0,32.0,32.0,32.0,33.0,33.0,33.0,33.0,33.0,33.0,34.0,35.0,35.0,35.0,35.0,35.0,35.0,35.0,35.0,35.0,35.0,35.0,35.0,35.0,36.0,36.0,36.0,36.0,36.0,37.0,27.0,40.0,30.0,27.0,20.0,10.0,4.0,0.0,3.0,11.0,12.0,15.0,22.0,23.0,25.0,25.0,26.0,27.0,30.0,31.0,31.0,31.0,31.0,31.0,32.0,32.0,32.0,32.0,33.0,33.0,33.0,33.0,33.0,33.0,34.0,35.0,35.0,35.0,35.0,35.0,35.0,35.0,35.0,35.0,35.0,35.0,35.0,35.0,35.0,35.0,36.0,36.0,36.0,36.0,36.0
,,,,,,,,,,,,,,,,,,,,,,,,,,,,,,,,,,,,,,,,,,,,,,,,,,,,,,,,,,,,,,,0.0,7.0,10.0,18.0,20.0,20.0,22.0,22.0,24.0,25.0,27.0,28.0,27.0,27.0,27.0,27.0,28.0,28.0,28.0,28.0,29.0,29.0,29.0,29.0,29.0,29.0,30.0,31.0,31.0,31.0,31.0,31.0,31.0,31.0,31.0,31.0,31.0,31.0,31.0,31.0,32.0,32.0,32.0,32.0,32.0,36.0,26.0,39.0,33.0,28.0,22.0,14.0,10.0,6.0,3.0,5.0,10.0,15.0,20.0,21.0,22.0,22.0,24.0,25.0,27.0,28.0,28.0,27.0,27.0,27.0,28.0,28.0,28.0,28.0,29.0,29.0,29.0,29.0,29.0,29.0,30.0,31.0,31.0,31.0,31.0,31.0,31.0,31.0,31.0,31.0,31.0,31.0,31.0,31.0,31.0,31.0,32.0,32.0,32.0,32.0,32.0
,,,,,,,,,,,,,,,,,,,,,,,,,,,,,,,,,,,,,,,,,,,,,,,,,,,,,,,,,,,,,,,,0.0,3.0,11.0,13.0,12.0,14.0,15.0,16.0,17.0,20.0,21.0,20.0,20.0,20.0,20.0,21.0,21.0,21.0,21.0,22.0,22.0,22.0,22.0,22.0,22.0,23.0,24.0,24.0,24.0,24.0,24.0,24.0,24.0,24.0,24.0,24.0,24.0,24.0,24.0,25.0,25.0,25.0,25.0,25.0,35.0,27.0,41.0,36.0,34.0,28.0,17.0,13.0,9.0,6.0,4.0,3.0,8.0,13.0,13.0,15.0,16.0,16.0,17.0,20.0,21.0,21.0,20.0,20.0,20.0,21.0,21.0,21.0,21.0,22.0,22.0,22.0,22.0,22.0,22.0,23.0,24.0,24.0,24.0,24.0,24.0,24.0,24.0,24.0,24.0,24.0,24.0,24.0,24.0,24.0,24.0,25.0,25.0,25.0,25.0,25.0
,,,,,,,,,,,,,,,,,,,,,,,,,,,,,,,,,,,,,,,,,,,,,,,,,,,,,,,,,,,,,,,,,0.0,8.0,10.0,9.0,11.0,12.0,13.0,14.0,17.0,18.0,17.0,17.0,17.0,17.0,18.0,18.0,18.0,18.0,19.0,19.0,19.0,19.0,19.0,19.0,20.0,21.0,21.0,21.0,21.0,21.0,21.0,21.0,21.0,21.0,21.0,21.0,21.0,21.0,22.0,22.0,22.0,22.0,22.0,35.0,29.0,44.0,39.0,37.0,31.0,20.0,16.0,12.0,9.0,6.0,0.0,5.0,10.0,10.0,12.0,13.0,13.0,14.0,17.0,18.0,18.0,17.0,17.0,17.0,18.0,18.0,18.0,18.0,19.0,19.0,19.0,19.0,19.0,19.0,20.0,21.0,21.0,21.0,21.0,21.0,21.0,21.0,21.0,21.0,21.0,21.0,21.0,21.0,21.0,21.0,22.0,22.0,22.0,22.0,22.0
,,,,,,,,,,,,,,,,,,,,,,,,,,,,,,,,,,,,,,,,,,,,,,,,,,,,,,,,,,,,,,,,,,0.0,2.0,2.0,4.0,5.0,6.0,7.0,9.0,10.0,10.0,11.0,11.0,11.0,12.0,12.0,12.0,12.0,13.0,13.0,13.0,13.0,13.0,13.0,14.0,15.0,15.0,15.0,15.0,15.0,15.0,15.0,15.0,15.0,15.0,15.0,15.0,15.0,16.0,16.0,16.0,16.0,16.0,36.0,29.0,48.0,43.0,41.0,36.0,27.0,24.0,20.0,17.0,14.0,8.0,6.0,2.0,3.0,5.0,6.0,6.0,7.0,9.0,10.0,10.0,11.0,11.0,11.0,12.0,12.0,12.0,12.0,13.0,13.0,13.0,13.0,13.0,13.0,14.0,15.0,15.0,15.0,15.0,15.0,15.0,15.0,15.0,15.0,15.0,15.0,15.0,15.0,15.0,15.0,16.0,16.0,16.0,16.0,16.0
,,,,,,,,,,,,,,,,,,,,,,,,,,,,,,,,,,,,,,,,,,,,,,,,,,,,,,,,,,,,,,,,,,,0.0,0.0,2.0,3.0,4.0,5.0,8.0,9.0,9.0,9.0,9.0,9.0,10.0,10.0,10.0,10.0,11.0,11.0,11.0,11.0,11.0,11.0,12.0,13.0,13.0,13.0,13.0,13.0,13.0,13.0,13.0,13.0,13.0,13.0,13.0,13.0,14.0,14.0,14.0,14.0,14.0,36.0,31.0,51.0,45.0,44.0,38.0,29.0,26.0,22.0,19.0,16.0,10.0,7.0,0.0,1.0,3.0,4.0,4.0,5.0,8.0,9.0,9.0,9.0,9.0,9.0,10.0,10.0,10.0,10.0,11.0,11.0,11.0,11.0,11.0,11.0,12.0,13.0,13.0,13.0,13.0,13.0,13.0,13.0,13.0,13.0,13.0,13.0,13.0,13.0,13.0,13.0,14.0,14.0,14.0,14.0,14.0
,,,,,,,,,,,,,,,,,,,,,,,,,,,,,,,,,,,,,,,,,,,,,,,,,,,,,,,,,,,,,,,,,,,,0.0,2.0,3.0,5.0,6.0,8.0,9.0,9.0,9.0,9.0,9.0,10.0,10.0,10.0,10.0,11.0,11.0,11.0,11.0,11.0,11.0,12.0,13.0,13.0,13.0,13.0,13.0,13.0,13.0,13.0,13.0,13.0,13.0,13.0,13.0,14.0,14.0,14.0,14.0,14.0,36.0,30.0,51.0,46.0,44.0,38.0,29.0,26.0,22.0,19.0,15.0,9.0,7.0,0.0,1.0,3.0,4.0,5.0,6.0,8.0,9.0,9.0,9.0,9.0,9.0,10.0,10.0,10.0,10.0,11.0,11.0,11.0,11.0,11.0,11.0,12.0,13.0,13.0,13.0,13.0,13.0,13.0,13.0,13.0,13.0,13.0,13.0,13.0,13.0,13.0,13.0,14.0,14.0,14.0,14.0,14.0
,,,,,,,,,,,,,,,,,,,,,,,,,,,,,,,,,,,,,,,,,,,,,,,,,,,,,,,,,,,,,,,,,,,,,0.0,2.0,4.0,5.0,7.0,8.0,8.0,8.0,8.0,8.0,9.0,9.0,9.0,9.0,10.0,10.0,10.0,10.0,10.0,10.0,11.0,12.0,12.0,12.0,12.0,12.0,12.0,12.0,12.0,12.0,12.0,12.0,12.0,12.0,13.0,13.0,13.0,13.0,13.0,38.0,30.0,53.0,48.0,46.0,40.0,31.0,28.0,24.0,21.0,17.0,11.0,9.0,2.0,1.0,1.0,3.0,4.0,5.0,7.0,8.0,8.0,8.0,8.0,8.0,9.0,9.0,9.0,9.0,10.0,10.0,10.0,10.0,10.0,10.0,11.0,12.0,12.0,12.0,12.0,12.0,12.0,12.0,12.0,12.0,12.0,12.0,12.0,12.0,12.0,12.0,13.0,13.0,13.0,13.0,13.0
,,,,,,,,,,,,,,,,,,,,,,,,,,,,,,,,,,,,,,,,,,,,,,,,,,,,,,,,,,,,,,,,,,,,,,0.0,1.0,2.0,4.0,5.0,5.0,5.0,5.0,5.0,6.0,6.0,6.0,6.0,7.0,7.0,7.0,7.0,7.0,7.0,8.0,9.0,9.0,9.0,9.0,9.0,9.0,9.0,9.0,9.0,9.0,9.0,9.0,9.0,10.0,10.0,10.0,10.0,10.0,38.0,31.0,52.0,48.0,47.0,40.0,31.0,28.0,24.0,21.0,18.0,12.0,10.0,3.0,3.0,3.0,1.0,1.0,2.0,4.0,5.0,5.0,5.0,5.0,5.0,6.0,6.0,6.0,6.0,7.0,7.0,7.0,7.0,7.0,7.0,8.0,9.0,9.0,9.0,9.0,9.0,9.0,9.0,9.0,9.0,9.0,9.0,9.0,9.0,9.0,9.0,10.0,10.0,10.0,10.0,10.0
,,,,,,,,,,,,,,,,,,,,,,,,,,,,,,,,,,,,,,,,,,,,,,,,,,,,,,,,,,,,,,,,,,,,,,,0.0,1.0,3.0,4.0,4.0,4.0,4.0,4.0,5.0,5.0,5.0,5.0,6.0,6.0,6.0,6.0,6.0,6.0,7.0,8.0,8.0,8.0,8.0,8.0,8.0,8.0,8.0,8.0,8.0,8.0,8.0,8.0,9.0,9.0,9.0,9.0,9.0,39.0,32.0,54.0,49.0,49.0,42.0,33.0,30.0,26.0,23.0,19.0,13.0,11.0,4.0,5.0,5.0,2.0,0.0,1.0,3.0,4.0,4.0,4.0,4.0,4.0,5.0,5.0,5.0,5.0,6.0,6.0,6.0,6.0,6.0,6.0,7.0,8.0,8.0,8.0,8.0,8.0,8.0,8.0,8.0,8.0,8.0,8.0,8.0,8.0,8.0,8.0,9.0,9.0,9.0,9.0,9.0
,,,,,,,,,,,,,,,,,,,,,,,,,,,,,,,,,,,,,,,,,,,,,,,,,,,,,,,,,,,,,,,,,,,,,,,,0.0,2.0,3.0,3.0,3.0,3.0,3.0,4.0,4.0,4.0,4.0,5.0,5.0,5.0,5.0,5.0,5.0,6.0,7.0,7.0,7.0,7.0,7.0,7.0,7.0,7.0,7.0,7.0,7.0,7.0,7.0,8.0,8.0,8.0,8.0,8.0,40.0,33.0,55.0,50.0,50.0,43.0,34.0,31.0,27.0,24.0,20.0,14.0,12.0,5.0,6.0,6.0,3.0,1.0,0.0,2.0,3.0,3.0,3.0,3.0,3.0,4.0,4.0,4.0,4.0,5.0,5.0,5.0,5.0,5.0,5.0,6.0,7.0,7.0,7.0,7.0,7.0,7.0,7.0,7.0,7.0,7.0,7.0,7.0,7.0,7.0,7.0,8.0,8.0,8.0,8.0,8.0
,,,,,,,,,,,,,,,,,,,,,,,,,,,,,,,,,,,,,,,,,,,,,,,,,,,,,,,,,,,,,,,,,,,,,,,,,0.0,1.0,2.0,2.0,2.0,2.0,3.0,3.0,3.0,3.0,4.0,4.0,4.0,4.0,4.0,4.0,5.0,6.0,6.0,6.0,6.0,6.0,6.0,6.0,6.0,6.0,6.0,6.0,6.0,6.0,7.0,7.0,7.0,7.0,7.0,43.0,36.0,58.0,52.0,53.0,46.0,37.0,34.0,30.0,27.0,22.0,17.0,15.0,8.0,8.0,7.0,4.0,3.0,2.0,0.0,1.0,1.0,2.0,2.0,2.0,3.0,3.0,3.0,3.0,4.0,4.0,4.0,4.0,4.0,4.0,5.0,6.0,6.0,6.0,6.0,6.0,6.0,6.0,6.0,6.0,6.0,6.0,6.0,6.0,6.0,6.0,7.0,7.0,7.0,7.0,7.0
,,,,,,,,,,,,,,,,,,,,,,,,,,,,,,,,,,,,,,,,,,,,,,,,,,,,,,,,,,,,,,,,,,,,,,,,,,0.0,1.0,1.0,1.0,1.0,2.0,2.0,2.0,2.0,3.0,3.0,3.0,3.0,3.0,3.0,4.0,5.0,5.0,5.0,5.0,5.0,5.0,5.0,5.0,5.0,5.0,5.0,5.0,5.0,6.0,6.0,6.0,6.0,6.0,44.0,37.0,59.0,53.0,54.0,47.0,38.0,35.0,31.0,28.0,23.0,18.0,16.0,9.0,9.0,8.0,5.0,4.0,3.0,1.0,0.0,0.0,1.0,1.0,1.0,2.0,2.0,2.0,2.0,3.0,3.0,3.0,3.0,3.0,3.0,4.0,5.0,5.0,5.0,5.0,5.0,5.0,5.0,5.0,5.0,5.0,5.0,5.0,5.0,5.0,5.0,6.0,6.0,6.0,6.0,6.0
,,,,,,,,,,,,,,,,,,,,,,,,,,,,,,,,,,,,,,,,,,,,,,,,,,,,,,,,,,,,,,,,,,,,,,,,,,,0.0,0.0,0.0,0.0,1.0,1.0,1.0,1.0,2.0,2.0,2.0,2.0,2.0,2.0,3.0,4.0,4.0,4.0,4.0,4.0,4.0,4.0,4.0,4.0,4.0,4.0,4.0,4.0,5.0,5.0,5.0,5.0,5.0,44.0,37.0,59.0,53.0,54.0,46.0,38.0,35.0,31.0,27.0,22.0,17.0,16.0,9.0,9.0,8.0,5.0,4.0,3.0,2.0,1.0,1.0,0.0,0.0,0.0,1.0,1.0,1.0,1.0,2.0,2.0,2.0,2.0,2.0,2.0,3.0,4.0,4.0,4.0,4.0,4.0,4.0,4.0,4.0,4.0,4.0,4.0,4.0,4.0,4.0,4.0,5.0,5.0,5.0,5.0,5.0
,,,,,,,,,,,,,,,,,,,,,,,,,,,,,,,,,,,,,,,,,,,,,,,,,,,,,,,,,,,,,,,,,,,,,,,,,,,,0.0,0.0,0.0,1.0,1.0,1.0,1.0,2.0,2.0,2.0,2.0,2.0,2.0,3.0,4.0,4.0,4.0,4.0,4.0,4.0,4.0,4.0,4.0,4.0,4.0,4.0,4.0,5.0,5.0,5.0,5.0,5.0,44.0,37.0,59.0,53.0,55.0,46.0,38.0,35.0,31.0,27.0,22.0,17.0,16.0,9.0,9.0,8.0,5.0,4.0,3.0,2.0,1.0,1.0,0.0,0.0,0.0,1.0,1.0,1.0,1.0,2.0,2.0,2.0,2.0,2.0,2.0,3.0,4.0,4.0,4.0,4.0,4.0,4.0,4.0,4.0,4.0,4.0,4.0,4.0,4.0,4.0,4.0,5.0,5.0,5.0,5.0,5.0
,,,,,,,,,,,,,,,,,,,,,,,,,,,,,,,,,,,,,,,,,,,,,,,,,,,,,,,,,,,,,,,,,,,,,,,,,,,,,0.0,0.0,1.0,1.0,1.0,1.0,2.0,2.0,2.0,2.0,2.0,2.0,3.0,4.0,4.0,4.0,4.0,4.0,4.0,4.0,4.0,4.0,4.0,4.0,4.0,4.0,5.0,5.0,5.0,5.0,5.0,44.0,37.0,59.0,53.0,55.0,46.0,38.0,35.0,31.0,27.0,22.0,17.0,16.0,9.0,9.0,8.0,5.0,4.0,3.0,2.0,1.0,1.0,0.0,0.0,0.0,1.0,1.0,1.0,1.0,2.0,2.0,2.0,2.0,2.0,2.0,3.0,4.0,4.0,4.0,4.0,4.0,4.0,4.0,4.0,4.0,4.0,4.0,4.0,4.0,4.0,4.0,5.0,5.0,5.0,5.0,5.0
,,,,,,,,,,,,,,,,,,,,,,,,,,,,,,,,,,,,,,,,,,,,,,,,,,,,,,,,,,,,,,,,,,,,,,,,,,,,,,0.0,1.0,1.0,1.0,1.0,2.0,2.0,2.0,2.0,2.0,2.0,3.0,4.0,4.0,4.0,4.0,4.0,4.0,4.0,4.0,4.0,4.0,4.0,4.0,4.0,5.0,5.0,5.0,5.0,5.0,44.0,37.0,59.0,53.0,55.0,46.0,38.0,35.0,31.0,27.0,22.0,17.0,16.0,9.0,9.0,8.0,5.0,4.0,3.0,2.0,1.0,1.0,0.0,0.0,0.0,1.0,1.0,1.0,1.0,2.0,2.0,2.0,2.0,2.0,2.0,3.0,4.0,4.0,4.0,4.0,4.0,4.0,4.0,4.0,4.0,4.0,4.0,4.0,4.0,4.0,4.0,5.0,5.0,5.0,5.0,5.0
,,,,,,,,,,,,,,,,,,,,,,,,,,,,,,,,,,,,,,,,,,,,,,,,,,,,,,,,,,,,,,,,,,,,,,,,,,,,,,,0.0,0.0,0.0,0.0,1.0,1.0,1.0,1.0,1.0,1.0,2.0,3.0,3.0,3.0,3.0,3.0,3.0,3.0,3.0,3.0,3.0,3.0,3.0,3.0,4.0,4.0,4.0,4.0,4.0,44.0,37.0,60.0,54.0,56.0,47.0,39.0,36.0,32.0,28.0,23.0,18.0,17.0,10.0,10.0,9.0,6.0,5.0,4.0,3.0,2.0,2.0,1.0,1.0,1.0,0.0,0.0,0.0,0.0,1.0,1.0,1.0,1.0,1.0,1.0,2.0,3.0,3.0,3.0,3.0,3.0,3.0,3.0,3.0,3.0,3.0,3.0,3.0,3.0,3.0,3.0,4.0,4.0,4.0,4.0,4.0
,,,,,,,,,,,,,,,,,,,,,,,,,,,,,,,,,,,,,,,,,,,,,,,,,,,,,,,,,,,,,,,,,,,,,,,,,,,,,,,,0.0,0.0,0.0,1.0,1.0,1.0,1.0,1.0,1.0,2.0,3.0,3.0,3.0,3.0,3.0,3.0,3.0,3.0,3.0,3.0,3.0,3.0,3.0,4.0,4.0,4.0,4.0,4.0,44.0,37.0,60.0,54.0,56.0,47.0,39.0,36.0,32.0,28.0,23.0,18.0,17.0,10.0,10.0,9.0,6.0,5.0,4.0,3.0,2.0,2.0,1.0,1.0,1.0,0.0,0.0,0.0,0.0,1.0,1.0,1.0,1.0,1.0,1.0,2.0,3.0,3.0,3.0,3.0,3.0,3.0,3.0,3.0,3.0,3.0,3.0,3.0,3.0,3.0,3.0,4.0,4.0,4.0,4.0,4.0
,,,,,,,,,,,,,,,,,,,,,,,,,,,,,,,,,,,,,,,,,,,,,,,,,,,,,,,,,,,,,,,,,,,,,,,,,,,,,,,,,0.0,0.0,1.0,1.0,1.0,1.0,1.0,1.0,2.0,3.0,3.0,3.0,3.0,3.0,3.0,3.0,3.0,3.0,3.0,3.0,3.0,3.0,4.0,4.0,4.0,4.0,4.0,44.0,37.0,60.0,54.0,56.0,47.0,39.0,36.0,32.0,28.0,23.0,18.0,17.0,10.0,10.0,9.0,6.0,5.0,4.0,3.0,2.0,2.0,1.0,1.0,1.0,0.0,0.0,0.0,0.0,1.0,1.0,1.0,1.0,1.0,1.0,2.0,3.0,3.0,3.0,3.0,3.0,3.0,3.0,3.0,3.0,3.0,3.0,3.0,3.0,3.0,3.0,4.0,4.0,4.0,4.0,4.0
,,,,,,,,,,,,,,,,,,,,,,,,,,,,,,,,,,,,,,,,,,,,,,,,,,,,,,,,,,,,,,,,,,,,,,,,,,,,,,,,,,0.0,1.0,1.0,1.0,1.0,1.0,1.0,2.0,3.0,3.0,3.0,3.0,3.0,3.0,3.0,3.0,3.0,3.0,3.0,3.0,3.0,4.0,4.0,4.0,4.0,4.0,44.0,37.0,60.0,54.0,56.0,47.0,39.0,36.0,32.0,28.0,23.0,18.0,17.0,10.0,10.0,9.0,6.0,5.0,4.0,3.0,2.0,2.0,1.0,1.0,1.0,0.0,0.0,0.0,0.0,1.0,1.0,1.0,1.0,1.0,1.0,2.0,3.0,3.0,3.0,3.0,3.0,3.0,3.0,3.0,3.0,3.0,3.0,3.0,3.0,3.0,3.0,4.0,4.0,4.0,4.0,4.0
,,,,,,,,,,,,,,,,,,,,,,,,,,,,,,,,,,,,,,,,,,,,,,,,,,,,,,,,,,,,,,,,,,,,,,,,,,,,,,,,,,,0.0,0.0,0.0,0.0,0.0,0.0,1.0,2.0,2.0,2.0,2.0,2.0,2.0,2.0,2.0,2.0,2.0,2.0,2.0,2.0,3.0,3.0,3.0,3.0,3.0,45.0,38.0,61.0,55.0,57.0,48.0,40.0,37.0,33.0,29.0,24.0,19.0,18.0,11.0,11.0,10.0,7.0,6.0,5.0,4.0,3.0,3.0,2.0,2.0,2.0,1.0,1.0,1.0,1.0,0.0,0.0,0.0,0.0,0.0,0.0,1.0,2.0,2.0,2.0,2.0,2.0,2.0,2.0,2.0,2.0,2.0,2.0,2.0,2.0,2.0,2.0,3.0,3.0,3.0,3.0,3.0
,,,,,,,,,,,,,,,,,,,,,,,,,,,,,,,,,,,,,,,,,,,,,,,,,,,,,,,,,,,,,,,,,,,,,,,,,,,,,,,,,,,,0.0,0.0,0.0,0.0,0.0,1.0,2.0,2.0,2.0,2.0,2.0,2.0,2.0,2.0,2.0,2.0,2.0,2.0,2.0,3.0,3.0,3.0,3.0,3.0,45.0,38.0,61.0,55.0,57.0,48.0,40.0,37.0,33.0,29.0,24.0,19.0,18.0,11.0,11.0,10.0,7.0,6.0,5.0,4.0,3.0,3.0,2.0,2.0,2.0,1.0,1.0,1.0,1.0,0.0,0.0,0.0,0.0,0.0,0.0,1.0,2.0,2.0,2.0,2.0,2.0,2.0,2.0,2.0,2.0,2.0,2.0,2.0,2.0,2.0,2.0,3.0,3.0,3.0,3.0,3.0
,,,,,,,,,,,,,,,,,,,,,,,,,,,,,,,,,,,,,,,,,,,,,,,,,,,,,,,,,,,,,,,,,,,,,,,,,,,,,,,,,,,,,0.0,0.0,0.0,0.0,1.0,2.0,2.0,2.0,2.0,2.0,2.0,2.0,2.0,2.0,2.0,2.0,2.0,2.0,3.0,3.0,3.0,3.0,3.0,45.0,38.0,61.0,55.0,57.0,48.0,40.0,37.0,33.0,29.0,24.0,19.0,18.0,11.0,11.0,10.0,7.0,6.0,5.0,4.0,3.0,3.0,2.0,2.0,2.0,1.0,1.0,1.0,1.0,0.0,0.0,0.0,0.0,0.0,0.0,1.0,2.0,2.0,2.0,2.0,2.0,2.0,2.0,2.0,2.0,2.0,2.0,2.0,2.0,2.0,2.0,3.0,3.0,3.0,3.0,3.0
,,,,,,,,,,,,,,,,,,,,,,,,,,,,,,,,,,,,,,,,,,,,,,,,,,,,,,,,,,,,,,,,,,,,,,,,,,,,,,,,,,,,,,0.0,0.0,0.0,1.0,2.0,2.0,2.0,2.0,2.0,2.0,2.0,2.0,2.0,2.0,2.0,2.0,2.0,3.0,3.0,3.0,3.0,3.0,45.0,38.0,61.0,55.0,57.0,48.0,40.0,37.0,33.0,29.0,24.0,19.0,18.0,11.0,11.0,10.0,7.0,6.0,5.0,4.0,3.0,3.0,2.0,2.0,2.0,1.0,1.0,1.0,1.0,0.0,0.0,0.0,0.0,0.0,0.0,1.0,2.0,2.0,2.0,2.0,2.0,2.0,2.0,2.0,2.0,2.0,2.0,2.0,2.0,2.0,2.0,3.0,3.0,3.0,3.0,3.0
,,,,,,,,,,,,,,,,,,,,,,,,,,,,,,,,,,,,,,,,,,,,,,,,,,,,,,,,,,,,,,,,,,,,,,,,,,,,,,,,,,,,,,,0.0,0.0,1.0,2.0,2.0,2.0,2.0,2.0,2.0,2.0,2.0,2.0,2.0,2.0,2.0,2.0,3.0,3.0,3.0,3.0,3.0,45.0,38.0,61.0,55.0,57.0,48.0,40.0,37.0,33.0,29.0,24.0,19.0,18.0,11.0,11.0,10.0,7.0,6.0,5.0,4.0,3.0,3.0,2.0,2.0,2.0,1.0,1.0,1.0,1.0,0.0,0.0,0.0,0.0,0.0,0.0,1.0,2.0,2.0,2.0,2.0,2.0,2.0,2.0,2.0,2.0,2.0,2.0,2.0,2.0,2.0,2.0,3.0,3.0,3.0,3.0,3.0
,,,,,,,,,,,,,,,,,,,,,,,,,,,,,,,,,,,,,,,,,,,,,,,,,,,,,,,,,,,,,,,,,,,,,,,,,,,,,,,,,,,,,,,,0.0,1.0,2.0,2.0,2.0,2.0,2.0,2.0,2.0,2.0,2.0,2.0,2.0,2.0,2.0,3.0,3.0,3.0,3.0,3.0,45.0,38.0,61.0,55.0,57.0,48.0,40.0,37.0,33.0,29.0,24.0,19.0,18.0,11.0,11.0,10.0,7.0,6.0,5.0,4.0,3.0,3.0,2.0,2.0,2.0,1.0,1.0,1.0,1.0,0.0,0.0,0.0,0.0,0.0,0.0,1.0,2.0,2.0,2.0,2.0,2.0,2.0,2.0,2.0,2.0,2.0,2.0,2.0,2.0,2.0,2.0,3.0,3.0,3.0,3.0,3.0
,,,,,,,,,,,,,,,,,,,,,,,,,,,,,,,,,,,,,,,,,,,,,,,,,,,,,,,,,,,,,,,,,,,,,,,,,,,,,,,,,,,,,,,,,0.0,1.0,1.0,1.0,1.0,1.0,1.0,1.0,1.0,1.0,1.0,1.0,1.0,1.0,2.0,2.0,2.0,2.0,2.0,45.0,39.0,62.0,56.0,58.0,49.0,41.0,38.0,34.0,30.0,25.0,20.0,19.0,12.0,12.0,11.0,8.0,7.0,6.0,5.0,4.0,4.0,3.0,3.0,3.0,2.0,2.0,2.0,2.0,1.0,1.0,1.0,1.0,1.0,1.0,0.0,1.0,1.0,1.0,1.0,1.0,1.0,1.0,1.0,1.0,1.0,1.0,1.0,1.0,1.0,1.0,2.0,2.0,2.0,2.0,2.0
,,,,,,,,,,,,,,,,,,,,,,,,,,,,,,,,,,,,,,,,,,,,,,,,,,,,,,,,,,,,,,,,,,,,,,,,,,,,,,,,,,,,,,,,,,0.0,0.0,0.0,0.0,0.0,0.0,0.0,0.0,0.0,0.0,0.0,0.0,0.0,1.0,1.0,1.0,1.0,1.0,46.0,40.0,63.0,57.0,59.0,50.0,42.0,39.0,35.0,31.0,26.0,21.0,20.0,13.0,13.0,12.0,9.0,8.0,7.0,6.0,5.0,5.0,4.0,4.0,4.0,3.0,3.0,3.0,3.0,2.0,2.0,2.0,2.0,2.0,2.0,1.0,0.0,0.0,0.0,0.0,0.0,0.0,0.0,0.0,0.0,0.0,0.0,0.0,0.0,0.0,0.0,1.0,1.0,1.0,1.0,1.0
,,,,,,,,,,,,,,,,,,,,,,,,,,,,,,,,,,,,,,,,,,,,,,,,,,,,,,,,,,,,,,,,,,,,,,,,,,,,,,,,,,,,,,,,,,,0.0,0.0,0.0,0.0,0.0,0.0,0.0,0.0,0.0,0.0,0.0,0.0,1.0,1.0,1.0,1.0,1.0,46.0,40.0,63.0,57.0,59.0,50.0,42.0,39.0,35.0,31.0,26.0,21.0,20.0,13.0,13.0,12.0,9.0,8.0,7.0,6.0,5.0,5.0,4.0,4.0,4.0,3.0,3.0,3.0,3.0,2.0,2.0,2.0,2.0,2.0,2.0,1.0,0.0,0.0,0.0,0.0,0.0,0.0,0.0,0.0,0.0,0.0,0.0,0.0,0.0,0.0,0.0,1.0,1.0,1.0,1.0,1.0
,,,,,,,,,,,,,,,,,,,,,,,,,,,,,,,,,,,,,,,,,,,,,,,,,,,,,,,,,,,,,,,,,,,,,,,,,,,,,,,,,,,,,,,,,,,,0.0,0.0,0.0,0.0,0.0,0.0,0.0,0.0,0.0,0.0,0.0,1.0,1.0,1.0,1.0,1.0,46.0,40.0,63.0,57.0,59.0,50.0,42.0,39.0,35.0,31.0,26.0,21.0,20.0,13.0,13.0,12.0,9.0,8.0,7.0,6.0,5.0,5.0,4.0,4.0,4.0,3.0,3.0,3.0,3.0,2.0,2.0,2.0,2.0,2.0,2.0,1.0,0.0,0.0,0.0,0.0,0.0,0.0,0.0,0.0,0.0,0.0,0.0,0.0,0.0,0.0,0.0,1.0,1.0,1.0,1.0,1.0
,,,,,,,,,,,,,,,,,,,,,,,,,,,,,,,,,,,,,,,,,,,,,,,,,,,,,,,,,,,,,,,,,,,,,,,,,,,,,,,,,,,,,,,,,,,,,0.0,0.0,0.0,0.0,0.0,0.0,0.0,0.0,0.0,0.0,1.0,1.0,1.0,1.0,1.0,46.0,40.0,63.0,57.0,59.0,50.0,42.0,39.0,35.0,31.0,26.0,21.0,20.0,13.0,13.0,12.0,9.0,8.0,7.0,6.0,5.0,5.0,4.0,4.0,4.0,3.0,3.0,3.0,3.0,2.0,2.0,2.0,2.0,2.0,2.0,1.0,0.0,0.0,0.0,0.0,0.0,0.0,0.0,0.0,0.0,0.0,0.0,0.0,0.0,0.0,0.0,1.0,1.0,1.0,1.0,1.0
,,,,,,,,,,,,,,,,,,,,,,,,,,,,,,,,,,,,,,,,,,,,,,,,,,,,,,,,,,,,,,,,,,,,,,,,,,,,,,,,,,,,,,,,,,,,,,0.0,0.0,0.0,0.0,0.0,0.0,0.0,0.0,0.0,1.0,1.0,1.0,1.0,1.0,46.0,40.0,63.0,57.0,59.0,50.0,42.0,39.0,35.0,31.0,26.0,21.0,20.0,13.0,13.0,12.0,9.0,8.0,7.0,6.0,5.0,5.0,4.0,4.0,4.0,3.0,3.0,3.0,3.0,2.0,2.0,2.0,2.0,2.0,2.0,1.0,0.0,0.0,0.0,0.0,0.0,0.0,0.0,0.0,0.0,0.0,0.0,0.0,0.0,0.0,0.0,1.0,1.0,1.0,1.0,1.0
,,,,,,,,,,,,,,,,,,,,,,,,,,,,,,,,,,,,,,,,,,,,,,,,,,,,,,,,,,,,,,,,,,,,,,,,,,,,,,,,,,,,,,,,,,,,,,,0.0,0.0,0.0,0.0,0.0,0.0,0.0,0.0,1.0,1.0,1.0,1.0,1.0,46.0,40.0,63.0,57.0,59.0,50.0,42.0,39.0,35.0,31.0,26.0,21.0,20.0,13.0,13.0,12.0,9.0,8.0,7.0,6.0,5.0,5.0,4.0,4.0,4.0,3.0,3.0,3.0,3.0,2.0,2.0,2.0,2.0,2.0,2.0,1.0,0.0,0.0,0.0,0.0,0.0,0.0,0.0,0.0,0.0,0.0,0.0,0.0,0.0,0.0,0.0,1.0,1.0,1.0,1.0,1.0
,,,,,,,,,,,,,,,,,,,,,,,,,,,,,,,,,,,,,,,,,,,,,,,,,,,,,,,,,,,,,,,,,,,,,,,,,,,,,,,,,,,,,,,,,,,,,,,,0.0,0.0,0.0,0.0,0.0,0.0,0.0,1.0,1.0,1.0,1.0,1.0,46.0,40.0,63.0,57.0,59.0,50.0,42.0,39.0,35.0,31.0,26.0,21.0,20.0,13.0,13.0,12.0,9.0,8.0,7.0,6.0,5.0,5.0,4.0,4.0,4.0,3.0,3.0,3.0,3.0,2.0,2.0,2.0,2.0,2.0,2.0,1.0,0.0,0.0,0.0,0.0,0.0,0.0,0.0,0.0,0.0,0.0,0.0,0.0,0.0,0.0,0.0,1.0,1.0,1.0,1.0,1.0
,,,,,,,,,,,,,,,,,,,,,,,,,,,,,,,,,,,,,,,,,,,,,,,,,,,,,,,,,,,,,,,,,,,,,,,,,,,,,,,,,,,,,,,,,,,,,,,,,0.0,0.0,0.0,0.0,0.0,0.0,1.0,1.0,1.0,1.0,1.0,46.0,40.0,63.0,57.0,59.0,50.0,42.0,39.0,35.0,31.0,26.0,21.0,20.0,13.0,13.0,12.0,9.0,8.0,7.0,6.0,5.0,5.0,4.0,4.0,4.0,3.0,3.0,3.0,3.0,2.0,2.0,2.0,2.0,2.0,2.0,1.0,0.0,0.0,0.0,0.0,0.0,0.0,0.0,0.0,0.0,0.0,0.0,0.0,0.0,0.0,0.0,1.0,1.0,1.0,1.0,1.0
,,,,,,,,,,,,,,,,,,,,,,,,,,,,,,,,,,,,,,,,,,,,,,,,,,,,,,,,,,,,,,,,,,,,,,,,,,,,,,,,,,,,,,,,,,,,,,,,,,0.0,0.0,0.0,0.0,0.0,1.0,1.0,1.0,1.0,1.0,46.0,40.0,63.0,57.0,59.0,50.0,42.0,39.0,35.0,31.0,26.0,21.0,20.0,13.0,13.0,12.0,9.0,8.0,7.0,6.0,5.0,5.0,4.0,4.0,4.0,3.0,3.0,3.0,3.0,2.0,2.0,2.0,2.0,2.0,2.0,1.0,0.0,0.0,0.0,0.0,0.0,0.0,0.0,0.0,0.0,0.0,0.0,0.0,0.0,0.0,0.0,1.0,1.0,1.0,1.0,1.0
,,,,,,,,,,,,,,,,,,,,,,,,,,,,,,,,,,,,,,,,,,,,,,,,,,,,,,,,,,,,,,,,,,,,,,,,,,,,,,,,,,,,,,,,,,,,,,,,,,,0.0,0.0,0.0,0.0,1.0,1.0,1.0,1.0,1.0,46.0,40.0,63.0,57.0,59.0,50.0,42.0,39.0,35.0,31.0,26.0,21.0,20.0,13.0,13.0,12.0,9.0,8.0,7.0,6.0,5.0,5.0,4.0,4.0,4.0,3.0,3.0,3.0,3.0,2.0,2.0,2.0,2.0,2.0,2.0,1.0,0.0,0.0,0.0,0.0,0.0,0.0,0.0,0.0,0.0,0.0,0.0,0.0,0.0,0.0,0.0,1.0,1.0,1.0,1.0,1.0
,,,,,,,,,,,,,,,,,,,,,,,,,,,,,,,,,,,,,,,,,,,,,,,,,,,,,,,,,,,,,,,,,,,,,,,,,,,,,,,,,,,,,,,,,,,,,,,,,,,,0.0,0.0,0.0,1.0,1.0,1.0,1.0,1.0,46.0,40.0,63.0,57.0,59.0,50.0,42.0,39.0,35.0,31.0,26.0,21.0,20.0,13.0,13.0,12.0,9.0,8.0,7.0,6.0,5.0,5.0,4.0,4.0,4.0,3.0,3.0,3.0,3.0,2.0,2.0,2.0,2.0,2.0,2.0,1.0,0.0,0.0,0.0,0.0,0.0,0.0,0.0,0.0,0.0,0.0,0.0,0.0,0.0,0.0,0.0,1.0,1.0,1.0,1.0,1.0
,,,,,,,,,,,,,,,,,,,,,,,,,,,,,,,,,,,,,,,,,,,,,,,,,,,,,,,,,,,,,,,,,,,,,,,,,,,,,,,,,,,,,,,,,,,,,,,,,,,,,0.0,0.0,1.0,1.0,1.0,1.0,1.0,46.0,40.0,63.0,57.0,59.0,50.0,42.0,39.0,35.0,31.0,26.0,21.0,20.0,13.0,13.0,12.0,9.0,8.0,7.0,6.0,5.0,5.0,4.0,4.0,4.0,3.0,3.0,3.0,3.0,2.0,2.0,2.0,2.0,2.0,2.0,1.0,0.0,0.0,0.0,0.0,0.0,0.0,0.0,0.0,0.0,0.0,0.0,0.0,0.0,0.0,0.0,1.0,1.0,1.0,1.0,1.0
,,,,,,,,,,,,,,,,,,,,,,,,,,,,,,,,,,,,,,,,,,,,,,,,,,,,,,,,,,,,,,,,,,,,,,,,,,,,,,,,,,,,,,,,,,,,,,,,,,,,,,0.0,1.0,1.0,1.0,1.0,1.0,46.0,40.0,63.0,57.0,59.0,50.0,42.0,39.0,35.0,31.0,26.0,21.0,20.0,13.0,13.0,12.0,9.0,8.0,7.0,6.0,5.0,5.0,4.0,4.0,4.0,3.0,3.0,3.0,3.0,2.0,2.0,2.0,2.0,2.0,2.0,1.0,0.0,0.0,0.0,0.0,0.0,0.0,0.0,0.0,0.0,0.0,0.0,0.0,0.0,0.0,0.0,1.0,1.0,1.0,1.0,1.0
,,,,,,,,,,,,,,,,,,,,,,,,,,,,,,,,,,,,,,,,,,,,,,,,,,,,,,,,,,,,,,,,,,,,,,,,,,,,,,,,,,,,,,,,,,,,,,,,,,,,,,,0.0,0.0,0.0,0.0,0.0,47.0,39.0,64.0,58.0,60.0,51.0,43.0,40.0,36.0,32.0,27.0,22.0,21.0,14.0,14.0,13.0,10.0,9.0,8.0,7.0,6.0,6.0,5.0,5.0,5.0,4.0,4.0,4.0,4.0,3.0,3.0,3.0,3.0,3.0,3.0,2.0,1.0,1.0,1.0,1.0,1.0,1.0,1.0,1.0,1.0,1.0,1.0,1.0,1.0,1.0,1.0,0.0,0.0,0.0,0.0,0.0
,,,,,,,,,,,,,,,,,,,,,,,,,,,,,,,,,,,,,,,,,,,,,,,,,,,,,,,,,,,,,,,,,,,,,,,,,,,,,,,,,,,,,,,,,,,,,,,,,,,,,,,,0.0,0.0,0.0,0.0,47.0,39.0,64.0,58.0,60.0,51.0,43.0,40.0,36.0,32.0,27.0,22.0,21.0,14.0,14.0,13.0,10.0,9.0,8.0,7.0,6.0,6.0,5.0,5.0,5.0,4.0,4.0,4.0,4.0,3.0,3.0,3.0,3.0,3.0,3.0,2.0,1.0,1.0,1.0,1.0,1.0,1.0,1.0,1.0,1.0,1.0,1.0,1.0,1.0,1.0,1.0,0.0,0.0,0.0,0.0,0.0
,,,,,,,,,,,,,,,,,,,,,,,,,,,,,,,,,,,,,,,,,,,,,,,,,,,,,,,,,,,,,,,,,,,,,,,,,,,,,,,,,,,,,,,,,,,,,,,,,,,,,,,,,0.0,0.0,0.0,47.0,39.0,64.0,58.0,60.0,51.0,43.0,40.0,36.0,32.0,27.0,22.0,21.0,14.0,14.0,13.0,10.0,9.0,8.0,7.0,6.0,6.0,5.0,5.0,5.0,4.0,4.0,4.0,4.0,3.0,3.0,3.0,3.0,3.0,3.0,2.0,1.0,1.0,1.0,1.0,1.0,1.0,1.0,1.0,1.0,1.0,1.0,1.0,1.0,1.0,1.0,0.0,0.0,0.0,0.0,0.0
,,,,,,,,,,,,,,,,,,,,,,,,,,,,,,,,,,,,,,,,,,,,,,,,,,,,,,,,,,,,,,,,,,,,,,,,,,,,,,,,,,,,,,,,,,,,,,,,,,,,,,,,,,0.0,0.0,47.0,39.0,64.0,58.0,60.0,51.0,43.0,40.0,36.0,32.0,27.0,22.0,21.0,14.0,14.0,13.0,10.0,9.0,8.0,7.0,6.0,6.0,5.0,5.0,5.0,4.0,4.0,4.0,4.0,3.0,3.0,3.0,3.0,3.0,3.0,2.0,1.0,1.0,1.0,1.0,1.0,1.0,1.0,1.0,1.0,1.0,1.0,1.0,1.0,1.0,1.0,0.0,0.0,0.0,0.0,0.0
,,,,,,,,,,,,,,,,,,,,,,,,,,,,,,,,,,,,,,,,,,,,,,,,,,,,,,,,,,,,,,,,,,,,,,,,,,,,,,,,,,,,,,,,,,,,,,,,,,,,,,,,,,,0.0,47.0,39.0,64.0,58.0,60.0,51.0,43.0,40.0,36.0,32.0,27.0,22.0,21.0,14.0,14.0,13.0,10.0,9.0,8.0,7.0,6.0,6.0,5.0,5.0,5.0,4.0,4.0,4.0,4.0,3.0,3.0,3.0,3.0,3.0,3.0,2.0,1.0,1.0,1.0,1.0,1.0,1.0,1.0,1.0,1.0,1.0,1.0,1.0,1.0,1.0,1.0,0.0,0.0,0.0,0.0,0.0
,,,,,,,,,,,,,,,,,,,,,,,,,,,,,,,,,,,,,,,,,,,,,,,,,,,,,,,,,,,,,,,,,,,,,,,,,,,,,,,,,,,,,,,,,,,,,,,,,,,,,,,,,,,,0.0,8.0,12.0,20.0,24.0,29.0,35.0,37.0,37.0,36.0,34.0,35.0,36.0,36.0,37.0,38.0,37.0,39.0,40.0,43.0,44.0,44.0,44.0,44.0,44.0,44.0,44.0,44.0,44.0,45.0,45.0,45.0,45.0,45.0,45.0,45.0,46.0,46.0,46.0,46.0,46.0,46.0,46.0,46.0,46.0,46.0,46.0,46.0,46.0,46.0,46.0,47.0,47.0,47.0,47.0,47.0
,,,,,,,,,,,,,,,,,,,,,,,,,,,,,,,,,,,,,,,,,,,,,,,,,,,,,,,,,,,,,,,,,,,,,,,,,,,,,,,,,,,,,,,,,,,,,,,,,,,,,,,,,,,,,0.0,13.0,17.0,24.0,23.0,28.0,28.0,27.0,26.0,27.0,29.0,30.0,31.0,30.0,30.0,32.0,32.0,33.0,36.0,37.0,37.0,37.0,37.0,37.0,37.0,37.0,37.0,37.0,38.0,38.0,38.0,38.0,38.0,38.0,39.0,40.0,40.0,40.0,40.0,40.0,40.0,40.0,40.0,40.0,40.0,40.0,40.0,40.0,40.0,40.0,39.0,39.0,39.0,39.0,39.0
,,,,,,,,,,,,,,,,,,,,,,,,,,,,,,,,,,,,,,,,,,,,,,,,,,,,,,,,,,,,,,,,,,,,,,,,,,,,,,,,,,,,,,,,,,,,,,,,,,,,,,,,,,,,,,0.0,15.0,26.0,30.0,35.0,39.0,40.0,39.0,42.0,44.0,46.0,51.0,52.0,53.0,53.0,54.0,55.0,58.0,59.0,59.0,59.0,59.0,59.0,60.0,60.0,60.0,60.0,61.0,61.0,61.0,61.0,61.0,61.0,62.0,63.0,63.0,63.0,63.0,63.0,63.0,63.0,63.0,63.0,63.0,63.0,63.0,63.0,63.0,63.0,64.0,64.0,64.0,64.0,64.0
,,,,,,,,,,,,,,,,,,,,,,,,,,,,,,,,,,,,,,,,,,,,,,,,,,,,,,,,,,,,,,,,,,,,,,,,,,,,,,,,,,,,,,,,,,,,,,,,,,,,,,,,,,,,,,,0.0,10.0,19.0,26.0,28.0,30.0,32.0,37.0,39.0,39.0,45.0,47.0,49.0,48.0,49.0,50.0,52.0,53.0,53.0,53.0,53.0,53.0,54.0,54.0,54.0,54.0,55.0,55.0,55.0,55.0,55.0,55.0,56.0,57.0,57.0,57.0,57.0,57.0,57.0,57.0,57.0,57.0,57.0,57.0,57.0,57.0,57.0,57.0,58.0,58.0,58.0,58.0,58.0
,,,,,,,,,,,,,,,,,,,,,,,,,,,,,,,,,,,,,,,,,,,,,,,,,,,,,,,,,,,,,,,,,,,,,,,,,,,,,,,,,,,,,,,,,,,,,,,,,,,,,,,,,,,,,,,,0.0,14.0,21.0,23.0,27.0,29.0,33.0,37.0,39.0,44.0,45.0,47.0,48.0,49.0,50.0,53.0,54.0,54.0,55.0,55.0,55.0,56.0,56.0,56.0,56.0,57.0,57.0,57.0,57.0,57.0,57.0,58.0,59.0,59.0,59.0,59.0,59.0,59.0,59.0,59.0,59.0,59.0,59.0,59.0,59.0,59.0,59.0,60.0,60.0,60.0,60.0,60.0
,,,,,,,,,,,,,,,,,,,,,,,,,,,,,,,,,,,,,,,,,,,,,,,,,,,,,,,,,,,,,,,,,,,,,,,,,,,,,,,,,,,,,,,,,,,,,,,,,,,,,,,,,,,,,,,,,0.0,12.0,15.0,20.0,22.0,27.0,31.0,33.0,38.0,39.0,41.0,41.0,42.0,43.0,46.0,47.0,47.0,46.0,46.0,46.0,47.0,47.0,47.0,47.0,48.0,48.0,48.0,48.0,48.0,48.0,49.0,50.0,50.0,50.0,50.0,50.0,50.0,50.0,50.0,50.0,50.0,50.0,50.0,50.0,50.0,50.0,51.0,51.0,51.0,51.0,51.0
,,,,,,,,,,,,,,,,,,,,,,,,,,,,,,,,,,,,,,,,,,,,,,,,,,,,,,,,,,,,,,,,,,,,,,,,,,,,,,,,,,,,,,,,,,,,,,,,,,,,,,,,,,,,,,,,,,0.0,6.0,10.0,11.0,19.0,20.0,24.0,29.0,30.0,32.0,32.0,33.0,34.0,37.0,38.0,38.0,38.0,38.0,38.0,39.0,39.0,39.0,39.0,40.0,40.0,40.0,40.0,40.0,40.0,41.0,42.0,42.0,42.0,42.0,42.0,42.0,42.0,42.0,42.0,42.0,42.0,42.0,42.0,42.0,42.0,43.0,43.0,43.0,43.0,43.0
,,,,,,,,,,,,,,,,,,,,,,,,,,,,,,,,,,,,,,,,,,,,,,,,,,,,,,,,,,,,,,,,,,,,,,,,,,,,,,,,,,,,,,,,,,,,,,,,,,,,,,,,,,,,,,,,,,,0.0,4.0,7.0,15.0,16.0,19.0,26.0,27.0,29.0,29.0,30.0,31.0,34.0,35.0,35.0,35.0,35.0,35.0,36.0,36.0,36.0,36.0,37.0,37.0,37.0,37.0,37.0,37.0,38.0,39.0,39.0,39.0,39.0,39.0,39.0,39.0,39.0,39.0,39.0,39.0,39.0,39.0,39.0,39.0,40.0,40.0,40.0,40.0,40.0
,,,,,,,,,,,,,,,,,,,,,,,,,,,,,,,,,,,,,,,,,,,,,,,,,,,,,,,,,,,,,,,,,,,,,,,,,,,,,,,,,,,,,,,,,,,,,,,,,,,,,,,,,,,,,,,,,,,,0.0,3.0,11.0,12.0,15.0,22.0,23.0,25.0,25.0,26.0,27.0,30.0,31.0,31.0,31.0,31.0,31.0,32.0,32.0,32.0,32.0,33.0,33.0,33.0,33.0,33.0,33.0,34.0,35.0,35.0,35.0,35.0,35.0,35.0,35.0,35.0,35.0,35.0,35.0,35.0,35.0,35.0,35.0,36.0,36.0,36.0,36.0,36.0
,,,,,,,,,,,,,,,,,,,,,,,,,,,,,,,,,,,,,,,,,,,,,,,,,,,,,,,,,,,,,,,,,,,,,,,,,,,,,,,,,,,,,,,,,,,,,,,,,,,,,,,,,,,,,,,,,,,,,0.0,8.0,9.0,14.0,19.0,20.0,22.0,22.0,23.0,24.0,27.0,28.0,28.0,27.0,27.0,27.0,28.0,28.0,28.0,28.0,29.0,29.0,29.0,29.0,29.0,29.0,30.0,31.0,31.0,31.0,31.0,31.0,31.0,31.0,31.0,31.0,31.0,31.0,31.0,31.0,31.0,31.0,32.0,32.0,32.0,32.0,32.0
,,,,,,,,,,,,,,,,,,,,,,,,,,,,,,,,,,,,,,,,,,,,,,,,,,,,,,,,,,,,,,,,,,,,,,,,,,,,,,,,,,,,,,,,,,,,,,,,,,,,,,,,,,,,,,,,,,,,,,0.0,6.0,11.0,16.0,16.0,17.0,18.0,19.0,20.0,22.0,23.0,23.0,22.0,22.0,22.0,23.0,23.0,23.0,23.0,24.0,24.0,24.0,24.0,24.0,24.0,25.0,26.0,26.0,26.0,26.0,26.0,26.0,26.0,26.0,26.0,26.0,26.0,26.0,26.0,26.0,26.0,27.0,27.0,27.0,27.0,27.0
,,,,,,,,,,,,,,,,,,,,,,,,,,,,,,,,,,,,,,,,,,,,,,,,,,,,,,,,,,,,,,,,,,,,,,,,,,,,,,,,,,,,,,,,,,,,,,,,,,,,,,,,,,,,,,,,,,,,,,,0.0,5.0,10.0,10.0,12.0,13.0,13.0,14.0,17.0,18.0,18.0,17.0,17.0,17.0,18.0,18.0,18.0,18.0,19.0,19.0,19.0,19.0,19.0,19.0,20.0,21.0,21.0,21.0,21.0,21.0,21.0,21.0,21.0,21.0,21.0,21.0,21.0,21.0,21.0,21.0,22.0,22.0,22.0,22.0,22.0
,,,,,,,,,,,,,,,,,,,,,,,,,,,,,,,,,,,,,,,,,,,,,,,,,,,,,,,,,,,,,,,,,,,,,,,,,,,,,,,,,,,,,,,,,,,,,,,,,,,,,,,,,,,,,,,,,,,,,,,,0.0,7.0,8.0,10.0,11.0,11.0,12.0,15.0,16.0,16.0,16.0,16.0,16.0,17.0,17.0,17.0,17.0,18.0,18.0,18.0,18.0,18.0,18.0,19.0,20.0,20.0,20.0,20.0,20.0,20.0,20.0,20.0,20.0,20.0,20.0,20.0,20.0,20.0,20.0,21.0,21.0,21.0,21.0,21.0
,,,,,,,,,,,,,,,,,,,,,,,,,,,,,,,,,,,,,,,,,,,,,,,,,,,,,,,,,,,,,,,,,,,,,,,,,,,,,,,,,,,,,,,,,,,,,,,,,,,,,,,,,,,,,,,,,,,,,,,,,0.0,1.0,3.0,4.0,4.0,5.0,8.0,9.0,9.0,9.0,9.0,9.0,10.0,10.0,10.0,10.0,11.0,11.0,11.0,11.0,11.0,11.0,12.0,13.0,13.0,13.0,13.0,13.0,13.0,13.0,13.0,13.0,13.0,13.0,13.0,13.0,13.0,13.0,14.0,14.0,14.0,14.0,14.0
,,,,,,,,,,,,,,,,,,,,,,,,,,,,,,,,,,,,,,,,,,,,,,,,,,,,,,,,,,,,,,,,,,,,,,,,,,,,,,,,,,,,,,,,,,,,,,,,,,,,,,,,,,,,,,,,,,,,,,,,,,0.0,2.0,4.0,5.0,6.0,8.0,9.0,9.0,9.0,9.0,9.0,10.0,10.0,10.0,10.0,11.0,11.0,11.0,11.0,11.0,11.0,12.0,13.0,13.0,13.0,13.0,13.0,13.0,13.0,13.0,13.0,13.0,13.0,13.0,13.0,13.0,13.0,14.0,14.0,14.0,14.0,14.0
,,,,,,,,,,,,,,,,,,,,,,,,,,,,,,,,,,,,,,,,,,,,,,,,,,,,,,,,,,,,,,,,,,,,,,,,,,,,,,,,,,,,,,,,,,,,,,,,,,,,,,,,,,,,,,,,,,,,,,,,,,,0.0,4.0,5.0,6.0,7.0,8.0,8.0,8.0,8.0,8.0,9.0,9.0,9.0,9.0,10.0,10.0,10.0,10.0,10.0,10.0,11.0,12.0,12.0,12.0,12.0,12.0,12.0,12.0,12.0,12.0,12.0,12.0,12.0,12.0,12.0,12.0,13.0,13.0,13.0,13.0,13.0
,,,,,,,,,,,,,,,,,,,,,,,,,,,,,,,,,,,,,,,,,,,,,,,,,,,,,,,,,,,,,,,,,,,,,,,,,,,,,,,,,,,,,,,,,,,,,,,,,,,,,,,,,,,,,,,,,,,,,,,,,,,,0.0,2.0,3.0,4.0,5.0,5.0,5.0,5.0,5.0,6.0,6.0,6.0,6.0,7.0,7.0,7.0,7.0,7.0,7.0,8.0,9.0,9.0,9.0,9.0,9.0,9.0,9.0,9.0,9.0,9.0,9.0,9.0,9.0,9.0,9.0,10.0,10.0,10.0,10.0,10.0
,,,,,,,,,,,,,,,,,,,,,,,,,,,,,,,,,,,,,,,,,,,,,,,,,,,,,,,,,,,,,,,,,,,,,,,,,,,,,,,,,,,,,,,,,,,,,,,,,,,,,,,,,,,,,,,,,,,,,,,,,,,,,0.0,1.0,3.0,4.0,4.0,4.0,4.0,4.0,5.0,5.0,5.0,5.0,6.0,6.0,6.0,6.0,6.0,6.0,7.0,8.0,8.0,8.0,8.0,8.0,8.0,8.0,8.0,8.0,8.0,8.0,8.0,8.0,8.0,8.0,9.0,9.0,9.0,9.0,9.0
,,,,,,,,,,,,,,,,,,,,,,,,,,,,,,,,,,,,,,,,,,,,,,,,,,,,,,,,,,,,,,,,,,,,,,,,,,,,,,,,,,,,,,,,,,,,,,,,,,,,,,,,,,,,,,,,,,,,,,,,,,,,,,0.0,2.0,3.0,3.0,3.0,3.0,3.0,4.0,4.0,4.0,4.0,5.0,5.0,5.0,5.0,5.0,5.0,6.0,7.0,7.0,7.0,7.0,7.0,7.0,7.0,7.0,7.0,7.0,7.0,7.0,7.0,7.0,7.0,8.0,8.0,8.0,8.0,8.0
,,,,,,,,,,,,,,,,,,,,,,,,,,,,,,,,,,,,,,,,,,,,,,,,,,,,,,,,,,,,,,,,,,,,,,,,,,,,,,,,,,,,,,,,,,,,,,,,,,,,,,,,,,,,,,,,,,,,,,,,,,,,,,,0.0,1.0,1.0,2.0,2.0,2.0,3.0,3.0,3.0,3.0,4.0,4.0,4.0,4.0,4.0,4.0,5.0,6.0,6.0,6.0,6.0,6.0,6.0,6.0,6.0,6.0,6.0,6.0,6.0,6.0,6.0,6.0,7.0,7.0,7.0,7.0,7.0
,,,,,,,,,,,,,,,,,,,,,,,,,,,,,,,,,,,,,,,,,,,,,,,,,,,,,,,,,,,,,,,,,,,,,,,,,,,,,,,,,,,,,,,,,,,,,,,,,,,,,,,,,,,,,,,,,,,,,,,,,,,,,,,,0.0,0.0,1.0,1.0,1.0,2.0,2.0,2.0,2.0,3.0,3.0,3.0,3.0,3.0,3.0,4.0,5.0,5.0,5.0,5.0,5.0,5.0,5.0,5.0,5.0,5.0,5.0,5.0,5.0,5.0,5.0,6.0,6.0,6.0,6.0,6.0
,,,,,,,,,,,,,,,,,,,,,,,,,,,,,,,,,,,,,,,,,,,,,,,,,,,,,,,,,,,,,,,,,,,,,,,,,,,,,,,,,,,,,,,,,,,,,,,,,,,,,,,,,,,,,,,,,,,,,,,,,,,,,,,,,0.0,1.0,1.0,1.0,2.0,2.0,2.0,2.0,3.0,3.0,3.0,3.0,3.0,3.0,4.0,5.0,5.0,5.0,5.0,5.0,5.0,5.0,5.0,5.0,5.0,5.0,5.0,5.0,5.0,5.0,6.0,6.0,6.0,6.0,6.0
,,,,,,,,,,,,,,,,,,,,,,,,,,,,,,,,,,,,,,,,,,,,,,,,,,,,,,,,,,,,,,,,,,,,,,,,,,,,,,,,,,,,,,,,,,,,,,,,,,,,,,,,,,,,,,,,,,,,,,,,,,,,,,,,,,0.0,0.0,0.0,1.0,1.0,1.0,1.0,2.0,2.0,2.0,2.0,2.0,2.0,3.0,4.0,4.0,4.0,4.0,4.0,4.0,4.0,4.0,4.0,4.0,4.0,4.0,4.0,4.0,4.0,5.0,5.0,5.0,5.0,5.0
,,,,,,,,,,,,,,,,,,,,,,,,,,,,,,,,,,,,,,,,,,,,,,,,,,,,,,,,,,,,,,,,,,,,,,,,,,,,,,,,,,,,,,,,,,,,,,,,,,,,,,,,,,,,,,,,,,,,,,,,,,,,,,,,,,,0.0,0.0,1.0,1.0,1.0,1.0,2.0,2.0,2.0,2.0,2.0,2.0,3.0,4.0,4.0,4.0,4.0,4.0,4.0,4.0,4.0,4.0,4.0,4.0,4.0,4.0,4.0,4.0,5.0,5.0,5.0,5.0,5.0
,,,,,,,,,,,,,,,,,,,,,,,,,,,,,,,,,,,,,,,,,,,,,,,,,,,,,,,,,,,,,,,,,,,,,,,,,,,,,,,,,,,,,,,,,,,,,,,,,,,,,,,,,,,,,,,,,,,,,,,,,,,,,,,,,,,,0.0,1.0,1.0,1.0,1.0,2.0,2.0,2.0,2.0,2.0,2.0,3.0,4.0,4.0,4.0,4.0,4.0,4.0,4.0,4.0,4.0,4.0,4.0,4.0,4.0,4.0,4.0,5.0,5.0,5.0,5.0,5.0
,,,,,,,,,,,,,,,,,,,,,,,,,,,,,,,,,,,,,,,,,,,,,,,,,,,,,,,,,,,,,,,,,,,,,,,,,,,,,,,,,,,,,,,,,,,,,,,,,,,,,,,,,,,,,,,,,,,,,,,,,,,,,,,,,,,,,0.0,0.0,0.0,0.0,1.0,1.0,1.0,1.0,1.0,1.0,2.0,3.0,3.0,3.0,3.0,3.0,3.0,3.0,3.0,3.0,3.0,3.0,3.0,3.0,3.0,3.0,4.0,4.0,4.0,4.0,4.0
,,,,,,,,,,,,,,,,,,,,,,,,,,,,,,,,,,,,,,,,,,,,,,,,,,,,,,,,,,,,,,,,,,,,,,,,,,,,,,,,,,,,,,,,,,,,,,,,,,,,,,,,,,,,,,,,,,,,,,,,,,,,,,,,,,,,,,0.0,0.0,0.0,1.0,1.0,1.0,1.0,1.0,1.0,2.0,3.0,3.0,3.0,3.0,3.0,3.0,3.0,3.0,3.0,3.0,3.0,3.0,3.0,3.0,3.0,4.0,4.0,4.0,4.0,4.0
,,,,,,,,,,,,,,,,,,,,,,,,,,,,,,,,,,,,,,,,,,,,,,,,,,,,,,,,,,,,,,,,,,,,,,,,,,,,,,,,,,,,,,,,,,,,,,,,,,,,,,,,,,,,,,,,,,,,,,,,,,,,,,,,,,,,,,,0.0,0.0,1.0,1.0,1.0,1.0,1.0,1.0,2.0,3.0,3.0,3.0,3.0,3.0,3.0,3.0,3.0,3.0,3.0,3.0,3.0,3.0,3.0,3.0,4.0,4.0,4.0,4.0,4.0
,,,,,,,,,,,,,,,,,,,,,,,,,,,,,,,,,,,,,,,,,,,,,,,,,,,,,,,,,,,,,,,,,,,,,,,,,,,,,,,,,,,,,,,,,,,,,,,,,,,,,,,,,,,,,,,,,,,,,,,,,,,,,,,,,,,,,,,,0.0,1.0,1.0,1.0,1.0,1.0,1.0,2.0,3.0,3.0,3.0,3.0,3.0,3.0,3.0,3.0,3.0,3.0,3.0,3.0,3.0,3.0,3.0,4.0,4.0,4.0,4.0,4.0
,,,,,,,,,,,,,,,,,,,,,,,,,,,,,,,,,,,,,,,,,,,,,,,,,,,,,,,,,,,,,,,,,,,,,,,,,,,,,,,,,,,,,,,,,,,,,,,,,,,,,,,,,,,,,,,,,,,,,,,,,,,,,,,,,,,,,,,,,0.0,0.0,0.0,0.0,0.0,0.0,1.0,2.0,2.0,2.0,2.0,2.0,2.0,2.0,2.0,2.0,2.0,2.0,2.0,2.0,2.0,2.0,3.0,3.0,3.0,3.0,3.0
,,,,,,,,,,,,,,,,,,,,,,,,,,,,,,,,,,,,,,,,,,,,,,,,,,,,,,,,,,,,,,,,,,,,,,,,,,,,,,,,,,,,,,,,,,,,,,,,,,,,,,,,,,,,,,,,,,,,,,,,,,,,,,,,,,,,,,,,,,0.0,0.0,0.0,0.0,0.0,1.0,2.0,2.0,2.0,2.0,2.0,2.0,2.0,2.0,2.0,2.0,2.0,2.0,2.0,2.0,2.0,3.0,3.0,3.0,3.0,3.0
,,,,,,,,,,,,,,,,,,,,,,,,,,,,,,,,,,,,,,,,,,,,,,,,,,,,,,,,,,,,,,,,,,,,,,,,,,,,,,,,,,,,,,,,,,,,,,,,,,,,,,,,,,,,,,,,,,,,,,,,,,,,,,,,,,,,,,,,,,,0.0,0.0,0.0,0.0,1.0,2.0,2.0,2.0,2.0,2.0,2.0,2.0,2.0,2.0,2.0,2.0,2.0,2.0,2.0,2.0,3.0,3.0,3.0,3.0,3.0
,,,,,,,,,,,,,,,,,,,,,,,,,,,,,,,,,,,,,,,,,,,,,,,,,,,,,,,,,,,,,,,,,,,,,,,,,,,,,,,,,,,,,,,,,,,,,,,,,,,,,,,,,,,,,,,,,,,,,,,,,,,,,,,,,,,,,,,,,,,,0.0,0.0,0.0,1.0,2.0,2.0,2.0,2.0,2.0,2.0,2.0,2.0,2.0,2.0,2.0,2.0,2.0,2.0,2.0,3.0,3.0,3.0,3.0,3.0
,,,,,,,,,,,,,,,,,,,,,,,,,,,,,,,,,,,,,,,,,,,,,,,,,,,,,,,,,,,,,,,,,,,,,,,,,,,,,,,,,,,,,,,,,,,,,,,,,,,,,,,,,,,,,,,,,,,,,,,,,,,,,,,,,,,,,,,,,,,,,0.0,0.0,1.0,2.0,2.0,2.0,2.0,2.0,2.0,2.0,2.0,2.0,2.0,2.0,2.0,2.0,2.0,2.0,3.0,3.0,3.0,3.0,3.0
,,,,,,,,,,,,,,,,,,,,,,,,,,,,,,,,,,,,,,,,,,,,,,,,,,,,,,,,,,,,,,,,,,,,,,,,,,,,,,,,,,,,,,,,,,,,,,,,,,,,,,,,,,,,,,,,,,,,,,,,,,,,,,,,,,,,,,,,,,,,,,0.0,1.0,2.0,2.0,2.0,2.0,2.0,2.0,2.0,2.0,2.0,2.0,2.0,2.0,2.0,2.0,2.0,3.0,3.0,3.0,3.0,3.0
,,,,,,,,,,,,,,,,,,,,,,,,,,,,,,,,,,,,,,,,,,,,,,,,,,,,,,,,,,,,,,,,,,,,,,,,,,,,,,,,,,,,,,,,,,,,,,,,,,,,,,,,,,,,,,,,,,,,,,,,,,,,,,,,,,,,,,,,,,,,,,,0.0,1.0,1.0,1.0,1.0,1.0,1.0,1.0,1.0,1.0,1.0,1.0,1.0,1.0,1.0,1.0,2.0,2.0,2.0,2.0,2.0
,,,,,,,,,,,,,,,,,,,,,,,,,,,,,,,,,,,,,,,,,,,,,,,,,,,,,,,,,,,,,,,,,,,,,,,,,,,,,,,,,,,,,,,,,,,,,,,,,,,,,,,,,,,,,,,,,,,,,,,,,,,,,,,,,,,,,,,,,,,,,,,,0.0,0.0,0.0,0.0,0.0,0.0,0.0,0.0,0.0,0.0,0.0,0.0,0.0,0.0,0.0,1.0,1.0,1.0,1.0,1.0
,,,,,,,,,,,,,,,,,,,,,,,,,,,,,,,,,,,,,,,,,,,,,,,,,,,,,,,,,,,,,,,,,,,,,,,,,,,,,,,,,,,,,,,,,,,,,,,,,,,,,,,,,,,,,,,,,,,,,,,,,,,,,,,,,,,,,,,,,,,,,,,,,0.0,0.0,0.0,0.0,0.0,0.0,0.0,0.0,0.0,0.0,0.0,0.0,0.0,0.0,1.0,1.0,1.0,1.0,1.0
,,,,,,,,,,,,,,,,,,,,,,,,,,,,,,,,,,,,,,,,,,,,,,,,,,,,,,,,,,,,,,,,,,,,,,,,,,,,,,,,,,,,,,,,,,,,,,,,,,,,,,,,,,,,,,,,,,,,,,,,,,,,,,,,,,,,,,,,,,,,,,,,,,0.0,0.0,0.0,0.0,0.0,0.0,0.0,0.0,0.0,0.0,0.0,0.0,0.0,1.0,1.0,1.0,1.0,1.0
,,,,,,,,,,,,,,,,,,,,,,,,,,,,,,,,,,,,,,,,,,,,,,,,,,,,,,,,,,,,,,,,,,,,,,,,,,,,,,,,,,,,,,,,,,,,,,,,,,,,,,,,,,,,,,,,,,,,,,,,,,,,,,,,,,,,,,,,,,,,,,,,,,,0.0,0.0,0.0,0.0,0.0,0.0,0.0,0.0,0.0,0.0,0.0,0.0,1.0,1.0,1.0,1.0,1.0
,,,,,,,,,,,,,,,,,,,,,,,,,,,,,,,,,,,,,,,,,,,,,,,,,,,,,,,,,,,,,,,,,,,,,,,,,,,,,,,,,,,,,,,,,,,,,,,,,,,,,,,,,,,,,,,,,,,,,,,,,,,,,,,,,,,,,,,,,,,,,,,,,,,,0.0,0.0,0.0,0.0,0.0,0.0,0.0,0.0,0.0,0.0,0.0,1.0,1.0,1.0,1.0,1.0
,,,,,,,,,,,,,,,,,,,,,,,,,,,,,,,,,,,,,,,,,,,,,,,,,,,,,,,,,,,,,,,,,,,,,,,,,,,,,,,,,,,,,,,,,,,,,,,,,,,,,,,,,,,,,,,,,,,,,,,,,,,,,,,,,,,,,,,,,,,,,,,,,,,,,0.0,0.0,0.0,0.0,0.0,0.0,0.0,0.0,0.0,0.0,1.0,1.0,1.0,1.0,1.0
,,,,,,,,,,,,,,,,,,,,,,,,,,,,,,,,,,,,,,,,,,,,,,,,,,,,,,,,,,,,,,,,,,,,,,,,,,,,,,,,,,,,,,,,,,,,,,,,,,,,,,,,,,,,,,,,,,,,,,,,,,,,,,,,,,,,,,,,,,,,,,,,,,,,,,0.0,0.0,0.0,0.0,0.0,0.0,0.0,0.0,0.0,1.0,1.0,1.0,1.0,1.0
,,,,,,,,,,,,,,,,,,,,,,,,,,,,,,,,,,,,,,,,,,,,,,,,,,,,,,,,,,,,,,,,,,,,,,,,,,,,,,,,,,,,,,,,,,,,,,,,,,,,,,,,,,,,,,,,,,,,,,,,,,,,,,,,,,,,,,,,,,,,,,,,,,,,,,,0.0,0.0,0.0,0.0,0.0,0.0,0.0,0.0,1.0,1.0,1.0,1.0,1.0
,,,,,,,,,,,,,,,,,,,,,,,,,,,,,,,,,,,,,,,,,,,,,,,,,,,,,,,,,,,,,,,,,,,,,,,,,,,,,,,,,,,,,,,,,,,,,,,,,,,,,,,,,,,,,,,,,,,,,,,,,,,,,,,,,,,,,,,,,,,,,,,,,,,,,,,,0.0,0.0,0.0,0.0,0.0,0.0,0.0,1.0,1.0,1.0,1.0,1.0
,,,,,,,,,,,,,,,,,,,,,,,,,,,,,,,,,,,,,,,,,,,,,,,,,,,,,,,,,,,,,,,,,,,,,,,,,,,,,,,,,,,,,,,,,,,,,,,,,,,,,,,,,,,,,,,,,,,,,,,,,,,,,,,,,,,,,,,,,,,,,,,,,,,,,,,,,0.0,0.0,0.0,0.0,0.0,0.0,1.0,1.0,1.0,1.0,1.0
,,,,,,,,,,,,,,,,,,,,,,,,,,,,,,,,,,,,,,,,,,,,,,,,,,,,,,,,,,,,,,,,,,,,,,,,,,,,,,,,,,,,,,,,,,,,,,,,,,,,,,,,,,,,,,,,,,,,,,,,,,,,,,,,,,,,,,,,,,,,,,,,,,,,,,,,,,0.0,0.0,0.0,0.0,0.0,1.0,1.0,1.0,1.0,1.0
,,,,,,,,,,,,,,,,,,,,,,,,,,,,,,,,,,,,,,,,,,,,,,,,,,,,,,,,,,,,,,,,,,,,,,,,,,,,,,,,,,,,,,,,,,,,,,,,,,,,,,,,,,,,,,,,,,,,,,,,,,,,,,,,,,,,,,,,,,,,,,,,,,,,,,,,,,,0.0,0.0,0.0,0.0,1.0,1.0,1.0,1.0,1.0
,,,,,,,,,,,,,,,,,,,,,,,,,,,,,,,,,,,,,,,,,,,,,,,,,,,,,,,,,,,,,,,,,,,,,,,,,,,,,,,,,,,,,,,,,,,,,,,,,,,,,,,,,,,,,,,,,,,,,,,,,,,,,,,,,,,,,,,,,,,,,,,,,,,,,,,,,,,,0.0,0.0,0.0,1.0,1.0,1.0,1.0,1.0
,,,,,,,,,,,,,,,,,,,,,,,,,,,,,,,,,,,,,,,,,,,,,,,,,,,,,,,,,,,,,,,,,,,,,,,,,,,,,,,,,,,,,,,,,,,,,,,,,,,,,,,,,,,,,,,,,,,,,,,,,,,,,,,,,,,,,,,,,,,,,,,,,,,,,,,,,,,,,0.0,0.0,1.0,1.0,1.0,1.0,1.0
,,,,,,,,,,,,,,,,,,,,,,,,,,,,,,,,,,,,,,,,,,,,,,,,,,,,,,,,,,,,,,,,,,,,,,,,,,,,,,,,,,,,,,,,,,,,,,,,,,,,,,,,,,,,,,,,,,,,,,,,,,,,,,,,,,,,,,,,,,,,,,,,,,,,,,,,,,,,,,0.0,1.0,1.0,1.0,1.0,1.0
,,,,,,,,,,,,,,,,,,,,,,,,,,,,,,,,,,,,,,,,,,,,,,,,,,,,,,,,,,,,,,,,,,,,,,,,,,,,,,,,,,,,,,,,,,,,,,,,,,,,,,,,,,,,,,,,,,,,,,,,,,,,,,,,,,,,,,,,,,,,,,,,,,,,,,,,,,,,,,,0.0,0.0,0.0,0.0,0.0
,,,,,,,,,,,,,,,,,,,,,,,,,,,,,,,,,,,,,,,,,,,,,,,,,,,,,,,,,,,,,,,,,,,,,,,,,,,,,,,,,,,,,,,,,,,,,,,,,,,,,,,,,,,,,,,,,,,,,,,,,,,,,,,,,,,,,,,,,,,,,,,,,,,,,,,,,,,,,,,,0.0,0.0,0.0,0.0
,,,,,,,,,,,,,,,,,,,,,,,,,,,,,,,,,,,,,,,,,,,,,,,,,,,,,,,,,,,,,,,,,,,,,,,,,,,,,,,,,,,,,,,,,,,,,,,,,,,,,,,,,,,,,,,,,,,,,,,,,,,,,,,,,,,,,,,,,,,,,,,,,,,,,,,,,,,,,,,,,0.0,0.0,0.0
,,,,,,,,,,,,,,,,,,,,,,,,,,,,,,,,,,,,,,,,,,,,,,,,,,,,,,,,,,,,,,,,,,,,,,,,,,,,,,,,,,,,,,,,,,,,,,,,,,,,,,,,,,,,,,,,,,,,,,,,,,,,,,,,,,,,,,,,,,,,,,,,,,,,,,,,,,,,,,,,,,0.0,0.0
,,,,,,,,,,,,,,,,,,,,,,,,,,,,,,,,,,,,,,,,,,,,,,,,,,,,,,,,,,,,,,,,,,,,,,,,,,,,,,,,,,,,,,,,,,,,,,,,,,,,,,,,,,,,,,,,,,,,,,,,,,,,,,,,,,,,,,,,,,,,,,,,,,,,,,,,,,,,,,,,,,,0.0
