SEQ_2,MST_27,SEQ_1,SEQ_14,MST_30,SEQ_13,SEQ_31,MST_42,SEQ_28,simulated_k40_l1000_64,simulated_k40_l1000_46,MST_8,SEQ_24,MST_9,simulated_k40_l1000_49,SEQ_42,simulated_k40_l1000_55,MST_25,SEQ_29,SEQ_6,MST_13,simulated_k40_l1000_52,SEQ_37,MST_2,simulated_k40_l1000_50,SEQ_33,simulated_k40_l1000_47,MST_26,simulated_k40_l1000_65,simulated_k40_l1000_75,SEQ_15,MST_6,SEQ_20,simulated_k40_l1000_33,simulated_k40_l1000_63,SEQ_7,SEQ_43,simulated_k40_l1000_78,simulated_k40_l1000_76,SEQ_21,MST_17,MST_44,MST_1,SEQ_30,simulated_k40_l1000_71,SEQ_8,MST_39,MST_22,MST_38,MST_10,SEQ_22,SEQ_44,MST_21,MST_32,simulated_k40_l1000_56,SEQ_12,SEQ_35,simulated_k40_l1000_42,SEQ_41,simulated_k40_l1000_57,simulated_k40_l1000_26,simulated_k40_l1000_16,SEQ_5,SEQ_32,SEQ_38,SEQ_40,simulated_k40_l1000_30,MST_45,SEQ_4,SEQ_26,simulated_k40_l1000_34,simulated_k40_l1000_74,simulated_k40_l1000_70,MST_11,simulated_k40_l1000_61,simulated_k40_l1000_58,SEQ_9,SEQ_34,simulated_k40_l1000_44,MST_5,MST_12,MST_24,MST_47,SEQ_18,simulated_k40_l1000_48,simulated_k40_l1000_62,SEQ_25,MST_18,MST_20,MST_33,SEQ_11,SEQ_10,SEQ_36,MST_14,simulated_k40_l1000_51,MST_28,SEQ_17,MST_40,MST_41,SEQ_19,simulated_k40_l1000_36,simulated_k40_l1000_20,MST_19,SEQ_39,MST_23,simulated_k40_l1000_6,simulated_k40_l1000_66,MST_36,MST_43,SEQ_27,SEQ_23,SEQ_16,MST_37,simulated_k40_l1000_72,simulated_k40_l1000_77,MST_15,MST_35,MST_4,MST_34,MST_46,SEQ_0,simulated_k40_l1000_54,SEQ_3,simulated_k40_l1000_24,MST_31,simulated_k40_l1000_45,MST_7,simulated_k40_l1000_73,MST_29,simulated_k40_l1000_68,MST_3,MST_16
0.0,,,92.0,,91.0,108.0,,108.0,,,,103.0,,,49.0,,,108.0,65.0,,,109.0,,,109.0,,,,,93.0,,97.0,,,66.0,176.0,,,97.0,,,,108.0,,82.0,,,,,98.0,4.0,,,,90.0,109.0,,39.0,,,,57.0,109.0,109.0,26.0,,,48.0,108.0,,,,,,,88.0,109.0,,,,,,95.0,,,107.0,,,,91.0,88.0,109.0,,,,95.0,,,96.0,,,,109.0,,,,,,108.0,99.0,96.0,,,,,,,,,,,32.0,,,,,,,,,
99.0,0.0,133.0,15.0,8.0,13.0,11.0,78.0,11.0,,,,3.0,,,107.0,,,11.0,45.0,,,12.0,,,12.0,,,,,13.0,,7.0,,,43.0,263.0,,,7.0,,98.0,,11.0,,22.0,12.0,,12.0,,6.0,6.0,,9.0,,12.0,12.0,,89.0,,,,51.0,12.0,12.0,74.0,,136.0,66.0,11.0,,,,,,,15.0,12.0,,,,,108.0,7.0,,,9.0,,,11.0,15.0,16.0,12.0,,,5.0,8.0,13.0,112.0,7.0,,,,13.0,,,,12.0,80.0,11.0,5.0,8.0,12.0,,,,12.0,,12.0,190.0,192.0,,78.0,,7.0,,,,6.0,,,
47.0,,0.0,122.0,,122.0,141.0,,141.0,,,,136.0,,,25.0,,,141.0,98.0,,,142.0,,,142.0,,,,,125.0,,131.0,,,101.0,119.0,,,132.0,,,,141.0,,113.0,,,,,132.0,2.0,,,,123.0,142.0,,31.0,,,,91.0,142.0,142.0,19.0,,,84.0,141.0,,,,,,,119.0,142.0,,,,,,130.0,,,140.0,,,,123.0,121.0,142.0,,,,128.0,,,131.0,,,,142.0,,,,,,141.0,132.0,127.0,,,,,,,,,,,68.0,,,,,,,,,
,,,0.0,,,22.0,,22.0,,,,19.0,,,100.0,,,22.0,,,,23.0,,,23.0,,,,,4.0,,11.0,,,,255.0,,,11.0,,,,22.0,,,,,,,11.0,6.0,,,,,23.0,,81.0,,,,,23.0,23.0,65.0,,,,22.0,,,,,,,,23.0,,,,,,10.0,,,22.0,,,,,,23.0,,,,9.0,,,10.0,,,,23.0,,,,,,22.0,12.0,5.0,,,,,,,,,,,,,,,,,,,,
105.0,,138.0,20.0,0.0,18.0,5.0,82.0,5.0,,,,11.0,,,113.0,,,5.0,50.0,,,6.0,,,6.0,,,,,18.0,,16.0,,,49.0,269.0,,,15.0,,101.0,,5.0,,27.0,6.0,,6.0,,14.0,6.0,,4.0,,18.0,6.0,,94.0,,,,56.0,6.0,6.0,75.0,,139.0,71.0,5.0,,,,,,,21.0,6.0,,,,,113.0,13.0,,,4.0,,,5.0,19.0,20.0,6.0,,,,14.0,6.0,106.0,15.0,,,,6.0,,,,6.0,84.0,5.0,13.0,13.0,6.0,,,,6.0,,6.0,197.0,198.0,,83.0,,3.0,,,,,,,
,,,1.0,,0.0,20.0,,20.0,,,,17.0,,,96.0,,,20.0,,,,21.0,,,21.0,,,,,5.0,,10.0,,,,252.0,,,10.0,,,,20.0,,,,,,,10.0,6.0,,,,,21.0,,78.0,,,,,21.0,21.0,62.0,,,,20.0,,,,,,,,21.0,,,,,,9.0,,,20.0,,,,,,21.0,,,,8.0,,,9.0,,,,21.0,,,,,,20.0,10.0,5.0,,,,,,,,,,,,,,,,,,,,
,,,,,,0.0,,,,,,,,,116.0,,,,,,,1.0,,,1.0,,,,,,,,,,,271.0,,,,,,,,,,,,,,,7.0,,,,,1.0,,96.0,,,,,1.0,1.0,76.0,,,,,,,,,,,,1.0,,,,,,,,,,,,,,,1.0,,,,,,,,,,,1.0,,,,,,,,,,,,,,,,,,,,,,,,,,,,
24.0,,20.0,68.0,,65.0,83.0,0.0,83.0,,,,81.0,,,34.0,,,83.0,40.0,,,84.0,,,84.0,,,,,70.0,,77.0,,,47.0,47.0,,,76.0,,28.0,,83.0,,57.0,,,,,78.0,3.0,,,,68.0,84.0,,25.0,,,,36.0,84.0,84.0,25.0,,32.0,36.0,83.0,,,,,,,61.0,84.0,,,,,25.0,75.0,,,82.0,,,,67.0,66.0,84.0,,,,72.0,,,75.0,,,,85.0,,,,,11.0,83.0,79.0,71.0,,,,,,,,41.0,12.0,,31.0,,,,,,,,,
,,,,,,0.0,,0.0,,,,,,,116.0,,,0.0,,,,1.0,,,1.0,,,,,,,,,,,271.0,,,,,,,0.0,,,,,,,,7.0,,,,,1.0,,96.0,,,,,1.0,1.0,76.0,,,,,,,,,,,,1.0,,,,,,,,,,,,,,,1.0,,,,,,,,,,,1.0,,,,,,,,,,,,,,,,,,,,,,,,,,,,
93.0,34.0,118.0,33.0,43.0,31.0,43.0,74.0,43.0,0.0,,64.0,37.0,55.0,,101.0,,28.0,43.0,57.0,34.0,,44.0,630.0,,44.0,,29.0,76.0,60.0,34.0,334.0,27.0,,,57.0,250.0,82.0,61.0,28.0,27.0,87.0,74.0,43.0,56.0,35.0,44.0,26.0,44.0,58.0,30.0,6.0,26.0,41.0,,32.0,44.0,,81.0,,,,63.0,44.0,44.0,63.0,,122.0,77.0,43.0,,78.0,54.0,43.0,,,29.0,44.0,,347.0,38.0,29.0,99.0,27.0,,,41.0,32.0,28.0,43.0,31.0,30.0,44.0,35.0,,39.0,28.0,44.0,144.0,27.0,,,31.0,44.0,25.0,,74.0,44.0,72.0,43.0,31.0,30.0,44.0,56.0,79.0,28.0,44.0,478.0,44.0,181.0,175.0,,84.0,,41.0,,93.0,79.0,40.0,53.0,468.0,27.0
97.0,48.0,126.0,43.0,42.0,40.0,36.0,73.0,36.0,77.0,0.0,61.0,49.0,48.0,76.0,108.0,72.0,51.0,36.0,43.0,41.0,77.0,35.0,632.0,72.0,35.0,84.0,53.0,20.0,76.0,41.0,330.0,51.0,,76.0,42.0,255.0,60.0,77.0,51.0,41.0,97.0,86.0,36.0,80.0,39.0,35.0,47.0,35.0,44.0,50.0,6.0,47.0,38.0,73.0,42.0,35.0,,85.0,58.0,,,49.0,35.0,35.0,70.0,,133.0,63.0,36.0,,56.0,72.0,40.0,26.0,56.0,42.0,35.0,,340.0,42.0,50.0,105.0,49.0,95.0,27.0,38.0,43.0,44.0,36.0,43.0,44.0,35.0,43.0,79.0,41.0,47.0,36.0,134.0,50.0,,,43.0,36.0,48.0,,20.0,35.0,73.0,36.0,52.0,44.0,35.0,80.0,57.0,42.0,35.0,478.0,35.0,179.0,184.0,91.0,75.0,,40.0,,91.0,59.0,41.0,71.0,472.0,42.0
54.0,61.0,75.0,53.0,66.0,53.0,68.0,29.0,68.0,,,0.0,64.0,15.0,,58.0,,60.0,68.0,27.0,42.0,,69.0,,,69.0,,60.0,,,56.0,,59.0,,,30.0,189.0,,,60.0,50.0,50.0,,68.0,,46.0,69.0,56.0,69.0,23.0,59.0,4.0,56.0,67.0,,52.0,69.0,,50.0,,,,18.0,69.0,69.0,35.0,,78.0,26.0,68.0,,,,33.0,,,51.0,69.0,,,39.0,59.0,67.0,59.0,,,67.0,52.0,55.0,68.0,52.0,51.0,69.0,43.0,,65.0,58.0,70.0,169.0,59.0,,,54.0,70.0,57.0,,,69.0,30.0,68.0,60.0,57.0,69.0,,,49.0,69.0,,69.0,123.0,144.0,,35.0,,67.0,,,,66.0,,,51.0
,,,,,,12.0,,12.0,,,,0.0,,,112.0,,,12.0,,,,13.0,,,13.0,,,,,,,,,,,269.0,,,,,,,12.0,,,,,,,,5.0,,,,,13.0,,95.0,,,,,13.0,13.0,78.0,,,,12.0,,,,,,,,13.0,,,,,,,,,10.0,,,,,,13.0,,,,,,,,,,,13.0,,,,,,12.0,,,,,,,,,,,,,,,,,,,,,,
51.0,51.0,86.0,41.0,56.0,41.0,58.0,33.0,58.0,,,,54.0,0.0,,68.0,,49.0,58.0,16.0,33.0,,59.0,,,59.0,,50.0,,,45.0,,48.0,,,17.0,210.0,,,49.0,38.0,56.0,,58.0,,35.0,59.0,45.0,59.0,9.0,49.0,4.0,45.0,57.0,,40.0,59.0,,53.0,,,,18.0,59.0,59.0,36.0,,88.0,25.0,58.0,,,,23.0,,,39.0,59.0,,,30.0,48.0,75.0,48.0,,,57.0,41.0,44.0,58.0,41.0,39.0,59.0,32.0,,55.0,47.0,60.0,159.0,48.0,,,43.0,60.0,46.0,,,59.0,33.0,58.0,50.0,47.0,59.0,,,37.0,59.0,,59.0,134.0,153.0,,35.0,,57.0,,,,56.0,,,39.0
108.0,29.0,127.0,33.0,39.0,31.0,41.0,75.0,41.0,52.0,,75.0,33.0,68.0,0.0,103.0,48.0,25.0,41.0,62.0,40.0,45.0,42.0,629.0,23.0,42.0,,25.0,74.0,52.0,30.0,335.0,25.0,,51.0,61.0,249.0,80.0,53.0,25.0,32.0,93.0,77.0,41.0,52.0,39.0,42.0,25.0,42.0,64.0,26.0,6.0,26.0,39.0,45.0,32.0,42.0,,86.0,74.0,,,68.0,42.0,42.0,69.0,,130.0,78.0,41.0,,76.0,48.0,47.0,82.0,74.0,33.0,42.0,,356.0,43.0,24.0,104.0,24.0,,81.0,39.0,33.0,28.0,41.0,33.0,34.0,42.0,42.0,47.0,35.0,24.0,42.0,142.0,24.0,,,30.0,42.0,24.0,,72.0,42.0,76.0,41.0,27.0,26.0,42.0,50.0,77.0,35.0,42.0,480.0,42.0,181.0,174.0,64.0,85.0,,37.0,,101.0,77.0,36.0,45.0,468.0,33.0
,,,,,,,,,,,,,,,0.0,,,,,,,,,,,,,,,,,,,,,18.0,,,,,,,,,,,,,,,2.0,,,,,,,,,,,,,,,,,,,,,,,,,,,,,,,,,,,,,,,,,,,,,,,,,,,,,,,,,,,,,,,,,,,,,,,,,,,,,,,,
96.0,27.0,124.0,29.0,35.0,26.0,37.0,76.0,37.0,40.0,,66.0,31.0,58.0,,105.0,0.0,24.0,37.0,52.0,28.0,,38.0,631.0,,38.0,,22.0,71.0,52.0,28.0,333.0,23.0,,39.0,50.0,257.0,76.0,53.0,24.0,23.0,92.0,80.0,37.0,50.0,30.0,38.0,25.0,38.0,54.0,26.0,6.0,24.0,37.0,15.0,26.0,38.0,,86.0,70.0,,,59.0,38.0,38.0,69.0,,129.0,72.0,37.0,,72.0,48.0,37.0,76.0,70.0,23.0,38.0,,347.0,32.0,25.0,103.0,23.0,,77.0,37.0,26.0,25.0,37.0,27.0,23.0,38.0,30.0,,32.0,24.0,38.0,138.0,23.0,,,26.0,38.0,24.0,,70.0,38.0,74.0,37.0,25.0,25.0,38.0,48.0,73.0,24.0,38.0,477.0,38.0,184.0,183.0,,79.0,,35.0,,95.0,73.0,33.0,47.0,474.0,23.0
97.0,7.0,132.0,11.0,15.0,10.0,17.0,76.0,17.0,,,,11.0,,,107.0,,0.0,17.0,43.0,,,18.0,,,18.0,,2.0,,,10.0,,1.0,,,42.0,264.0,,,0.0,,98.0,,17.0,,19.0,18.0,,18.0,,1.0,7.0,,15.0,,11.0,18.0,,88.0,,,,50.0,18.0,18.0,73.0,,137.0,63.0,17.0,,,,,,,14.0,18.0,,,,,106.0,1.0,,,15.0,,,17.0,12.0,14.0,18.0,,,11.0,3.0,18.0,118.0,1.0,,,,18.0,,,,18.0,78.0,17.0,4.0,5.0,18.0,,,,18.0,,18.0,189.0,191.0,,75.0,,13.0,,,,12.0,,,
,,,,,,0.0,,,,,,,,,116.0,,,0.0,,,,1.0,,,1.0,,,,,,,,,,,271.0,,,,,,,0.0,,,,,,,,7.0,,,,,1.0,,96.0,,,,,1.0,1.0,76.0,,,,,,,,,,,,1.0,,,,,,,,,,,,,,,1.0,,,,,,,,,,,1.0,,,,,,,,,,,,,,,,,,,,,,,,,,,,
,,,33.0,,32.0,52.0,,52.0,,,,48.0,,,82.0,,,52.0,0.0,,,53.0,,,53.0,,,,,39.0,,42.0,,,3.0,226.0,,,43.0,,,,52.0,,23.0,,,,,43.0,4.0,,,,30.0,53.0,,61.0,,,,,53.0,53.0,50.0,,,,52.0,,,,,,,28.0,53.0,,,,,,42.0,,,51.0,,,,31.0,29.0,53.0,,,,41.0,,,42.0,,,,54.0,,,,,,52.0,44.0,39.0,,,,,,,,,,,,,,,,,,,,
78.0,21.0,111.0,13.0,27.0,13.0,29.0,59.0,29.0,,,,25.0,,,86.0,,20.0,29.0,19.0,0.0,,30.0,,,30.0,,19.0,,,17.0,,20.0,,,19.0,235.0,,,20.0,10.0,77.0,,29.0,,12.0,30.0,17.0,30.0,,20.0,5.0,16.0,28.0,,12.0,30.0,,66.0,,,,27.0,30.0,30.0,54.0,,110.0,40.0,29.0,,,,,,,12.0,30.0,,,,19.0,88.0,19.0,,,28.0,13.0,15.0,29.0,13.0,11.0,30.0,1.0,,26.0,18.0,31.0,130.0,19.0,,,15.0,31.0,18.0,,,30.0,58.0,29.0,20.0,19.0,30.0,,,8.0,30.0,,30.0,159.0,175.0,,53.0,,28.0,,,,27.0,,,11.0
105.0,34.0,120.0,36.0,42.0,34.0,44.0,74.0,44.0,53.0,,69.0,38.0,65.0,,99.0,51.0,30.0,44.0,61.0,41.0,0.0,45.0,625.0,,45.0,,30.0,77.0,55.0,34.0,333.0,30.0,,52.0,62.0,254.0,81.0,56.0,30.0,35.0,90.0,81.0,44.0,57.0,43.0,45.0,29.0,45.0,65.0,29.0,6.0,30.0,42.0,50.0,35.0,45.0,,83.0,73.0,,,63.0,45.0,45.0,70.0,,126.0,74.0,44.0,,77.0,51.0,49.0,83.0,75.0,38.0,45.0,,355.0,45.0,29.0,96.0,29.0,,82.0,42.0,36.0,32.0,44.0,37.0,39.0,45.0,43.0,,38.0,29.0,45.0,145.0,29.0,,,33.0,45.0,28.0,,75.0,45.0,73.0,44.0,30.0,30.0,45.0,57.0,78.0,39.0,45.0,472.0,45.0,178.0,169.0,67.0,82.0,,40.0,,98.0,78.0,39.0,48.0,463.0,36.0
,,,,,,,,,,,,,,,117.0,,,,,,,0.0,,,,,,,,,,,,,,272.0,,,,,,,,,,,,,,,7.0,,,,,,,97.0,,,,,,0.0,76.0,,,,,,,,,,,,,,,,,,,,,,,,,,,,,,,,,,,,,,0.0,,,,,,,,,,,,,,,,,,,,,,,,,,,,
568.0,636.0,522.0,631.0,640.0,629.0,641.0,52.0,641.0,,,580.0,638.0,598.0,,69.0,,635.0,641.0,616.0,622.0,,642.0,0.0,,642.0,,635.0,,,633.0,318.0,636.0,,,621.0,156.0,,,635.0,627.0,61.0,,641.0,,622.0,642.0,635.0,642.0,610.0,636.0,8.0,632.0,641.0,,629.0,642.0,,63.0,,,,608.0,642.0,642.0,52.0,,83.0,607.0,641.0,,,,616.0,,,624.0,642.0,,321.0,618.0,634.0,70.0,633.0,,,641.0,631.0,631.0,641.0,629.0,629.0,642.0,627.0,,637.0,632.0,642.0,677.0,635.0,,,630.0,642.0,635.0,,,642.0,51.0,641.0,636.0,632.0,642.0,,,627.0,642.0,353.0,642.0,111.0,413.0,,592.0,,640.0,,534.0,,638.0,,285.0,626.0
100.0,29.0,116.0,31.0,40.0,29.0,40.0,73.0,40.0,53.0,,69.0,32.0,64.0,,102.0,47.0,28.0,40.0,59.0,38.0,46.0,41.0,629.0,0.0,41.0,,28.0,72.0,51.0,30.0,333.0,28.0,,52.0,58.0,251.0,78.0,52.0,28.0,30.0,93.0,79.0,40.0,55.0,37.0,41.0,27.0,41.0,60.0,27.0,6.0,28.0,38.0,48.0,30.0,41.0,,87.0,72.0,,,66.0,41.0,41.0,70.0,,129.0,73.0,40.0,,72.0,47.0,43.0,76.0,73.0,31.0,41.0,,351.0,41.0,27.0,95.0,27.0,,76.0,38.0,31.0,29.0,40.0,31.0,32.0,41.0,40.0,48.0,36.0,27.0,41.0,141.0,27.0,,,30.0,41.0,26.0,,70.0,41.0,73.0,40.0,28.0,27.0,41.0,55.0,75.0,33.0,41.0,475.0,41.0,182.0,173.0,65.0,80.0,,38.0,,95.0,73.0,37.0,44.0,466.0,31.0
,,,,,,,,,,,,,,,117.0,,,,,,,0.0,,,0.0,,,,,,,,,,,272.0,,,,,,,,,,,,,,,7.0,,,,,0.0,,97.0,,,,,,0.0,76.0,,,,,,,,,,,,0.0,,,,,,,,,,,,,,,0.0,,,,,,,,,,,0.0,,,,,,,,,,,,,,,,,,,,,,,,,,,,
80.0,45.0,114.0,47.0,51.0,46.0,51.0,68.0,51.0,62.0,,75.0,49.0,71.0,62.0,97.0,56.0,43.0,51.0,70.0,49.0,69.0,52.0,623.0,61.0,52.0,0.0,41.0,85.0,68.0,48.0,333.0,43.0,,61.0,70.0,245.0,90.0,69.0,43.0,44.0,85.0,68.0,51.0,70.0,46.0,52.0,45.0,52.0,72.0,44.0,6.0,42.0,51.0,57.0,47.0,52.0,,75.0,84.0,,,69.0,52.0,52.0,56.0,,118.0,78.0,51.0,,86.0,66.0,53.0,90.0,84.0,40.0,52.0,,344.0,49.0,44.0,96.0,42.0,30.0,89.0,51.0,48.0,44.0,51.0,47.0,43.0,52.0,51.0,73.0,48.0,44.0,52.0,152.0,42.0,,,45.0,52.0,44.0,,83.0,52.0,64.0,51.0,43.0,45.0,52.0,68.0,87.0,44.0,52.0,476.0,52.0,175.0,166.0,80.0,80.0,,51.0,,103.0,87.0,49.0,65.0,461.0,43.0
97.0,6.0,131.0,12.0,14.0,10.0,16.0,77.0,16.0,,,,9.0,,,106.0,,,16.0,44.0,,,17.0,,,17.0,,0.0,,,10.0,,1.0,,,42.0,262.0,,,2.0,,96.0,,16.0,,19.0,17.0,,17.0,,3.0,6.0,,14.0,,10.0,17.0,,88.0,,,,51.0,17.0,17.0,72.0,,135.0,64.0,16.0,,,,,,,13.0,17.0,,,,,107.0,1.0,,,14.0,,,16.0,13.0,14.0,17.0,,,10.0,3.0,17.0,117.0,1.0,,,,17.0,,,,17.0,80.0,16.0,2.0,5.0,17.0,,,,17.0,,17.0,189.0,190.0,,74.0,,12.0,,,,11.0,,,
97.0,47.0,126.0,42.0,40.0,40.0,35.0,72.0,35.0,,,59.0,47.0,50.0,,106.0,,49.0,35.0,43.0,41.0,,34.0,633.0,,34.0,,51.0,0.0,75.0,41.0,331.0,49.0,,,42.0,256.0,60.0,76.0,49.0,42.0,95.0,86.0,35.0,78.0,37.0,34.0,46.0,34.0,45.0,48.0,6.0,46.0,37.0,,42.0,34.0,,84.0,,,,49.0,34.0,34.0,66.0,,131.0,65.0,35.0,,56.0,71.0,39.0,,,41.0,34.0,,341.0,41.0,48.0,104.0,48.0,,,37.0,43.0,43.0,35.0,43.0,44.0,34.0,43.0,,40.0,46.0,34.0,134.0,48.0,,,42.0,34.0,47.0,,8.0,34.0,70.0,35.0,50.0,43.0,34.0,78.0,57.0,41.0,34.0,478.0,34.0,180.0,184.0,,75.0,,39.0,,91.0,59.0,40.0,70.0,475.0,43.0
87.0,34.0,118.0,34.0,43.0,33.0,43.0,66.0,43.0,,,58.0,37.0,53.0,,97.0,,33.0,43.0,57.0,39.0,,44.0,629.0,,44.0,,33.0,,0.0,32.0,320.0,33.0,,,60.0,251.0,80.0,5.0,33.0,34.0,95.0,80.0,43.0,,40.0,44.0,33.0,44.0,52.0,32.0,5.0,32.0,41.0,,35.0,44.0,,83.0,,,,52.0,44.0,44.0,67.0,,128.0,52.0,43.0,,,,41.0,,,34.0,44.0,,344.0,39.0,32.0,102.0,32.0,,,41.0,33.0,33.0,43.0,34.0,37.0,44.0,42.0,,39.0,30.0,44.0,144.0,32.0,,,32.0,44.0,32.0,,,44.0,69.0,43.0,33.0,29.0,44.0,,77.0,36.0,44.0,477.0,44.0,181.0,173.0,,62.0,,41.0,,79.0,,40.0,,470.0,35.0
,,,,,,19.0,,19.0,,,,17.0,,,105.0,,,19.0,,,,20.0,,,20.0,,,,,0.0,,10.0,,,,259.0,,,10.0,,,,19.0,,,,,,,10.0,6.0,,,,,20.0,,83.0,,,,,20.0,20.0,65.0,,,,19.0,,,,,,,,20.0,,,,,,9.0,,,19.0,,,,,,20.0,,,,8.0,,,9.0,,,,21.0,,,,,,19.0,10.0,4.0,,,,,,,,,,,,,,,,,,,,
288.0,329.0,299.0,322.0,333.0,319.0,335.0,45.0,335.0,,,269.0,330.0,288.0,,75.0,,328.0,335.0,304.0,314.0,,336.0,,,336.0,,327.0,,,324.0,0.0,327.0,,,308.0,218.0,,,328.0,318.0,66.0,,335.0,,314.0,336.0,326.0,336.0,299.0,328.0,6.0,325.0,334.0,,320.0,336.0,,62.0,,,,296.0,336.0,336.0,50.0,,99.0,290.0,335.0,,,,308.0,,,318.0,336.0,,,312.0,327.0,80.0,325.0,,,334.0,320.0,323.0,335.0,322.0,322.0,336.0,316.0,,330.0,324.0,337.0,434.0,327.0,,,321.0,337.0,326.0,,,336.0,45.0,335.0,328.0,324.0,336.0,,,318.0,336.0,,336.0,147.0,296.0,,274.0,,333.0,,220.0,,331.0,,,318.0
,,,,,,18.0,,18.0,,,,12.0,,,107.0,,,18.0,,,,19.0,,,19.0,,,,,,,0.0,,,,264.0,,,1.0,,,,18.0,,,,,,,3.0,6.0,,,,,19.0,,89.0,,,,,19.0,19.0,74.0,,,,18.0,,,,,,,,19.0,,,,,,,,,16.0,,,,,,19.0,,,,,,,,,,,19.0,,,,,,18.0,4.0,,,,,,,,,,,,,,,,,,,,,
103.0,53.0,125.0,48.0,46.0,46.0,41.0,69.0,41.0,78.0,28.0,65.0,53.0,54.0,80.0,106.0,76.0,55.0,41.0,51.0,48.0,83.0,40.0,630.0,78.0,40.0,92.0,57.0,28.0,82.0,47.0,334.0,55.0,0.0,79.0,50.0,248.0,66.0,83.0,55.0,48.0,94.0,80.0,41.0,84.0,47.0,40.0,52.0,40.0,53.0,54.0,6.0,52.0,43.0,77.0,48.0,40.0,91.0,81.0,62.0,,,57.0,40.0,40.0,68.0,,130.0,72.0,41.0,30.0,62.0,78.0,49.0,36.0,62.0,50.0,40.0,79.0,344.0,50.0,54.0,101.0,54.0,102.0,37.0,43.0,48.0,48.0,41.0,49.0,50.0,40.0,50.0,83.0,46.0,52.0,40.0,140.0,54.0,83.0,,47.0,40.0,53.0,,28.0,40.0,69.0,41.0,56.0,49.0,40.0,84.0,63.0,47.0,40.0,479.0,40.0,175.0,178.0,96.0,83.0,,45.0,31.0,97.0,65.0,46.0,77.0,471.0,49.0
92.0,33.0,118.0,32.0,42.0,30.0,42.0,73.0,42.0,9.0,,63.0,36.0,54.0,,102.0,,27.0,42.0,56.0,33.0,,43.0,631.0,,43.0,,28.0,75.0,59.0,33.0,334.0,26.0,,0.0,56.0,252.0,81.0,60.0,27.0,26.0,88.0,75.0,42.0,55.0,34.0,43.0,25.0,43.0,58.0,29.0,6.0,25.0,40.0,,31.0,43.0,,82.0,,,,61.0,43.0,43.0,64.0,,124.0,75.0,42.0,,77.0,53.0,41.0,,,28.0,43.0,,347.0,36.0,28.0,98.0,26.0,,,40.0,31.0,27.0,42.0,30.0,29.0,43.0,34.0,,38.0,27.0,43.0,143.0,26.0,,,30.0,43.0,24.0,,73.0,43.0,72.0,42.0,30.0,29.0,43.0,55.0,78.0,27.0,43.0,477.0,43.0,183.0,177.0,,83.0,,40.0,,94.0,78.0,39.0,52.0,469.0,26.0
,,,33.0,,32.0,51.0,,51.0,,,,47.0,,,88.0,,,51.0,,,,52.0,,,52.0,,,,,39.0,,41.0,,,0.0,233.0,,,42.0,,,,51.0,,23.0,,,,,42.0,5.0,,,,30.0,52.0,,67.0,,,,,52.0,52.0,53.0,,,,51.0,,,,,,,27.0,52.0,,,,,,41.0,,,50.0,,,,30.0,27.0,52.0,,,,40.0,,,41.0,,,,53.0,,,,,,51.0,42.0,39.0,,,,,,,,,,,,,,,,,,,,
,,,,,,,,,,,,,,,,,,,,,,,,,,,,,,,,,,,,0.0,,,,,,,,,,,,,,,2.0,,,,,,,,,,,,,,,,,,,,,,,,,,,,,,,,,,,,,,,,,,,,,,,,,,,,,,,,,,,,,,,,,,,,,,,,,,,,,,,,
95.0,50.0,121.0,50.0,44.0,47.0,38.0,70.0,38.0,,,68.0,51.0,59.0,,103.0,,54.0,38.0,55.0,45.0,,39.0,635.0,,39.0,,55.0,,,49.0,331.0,55.0,,,58.0,251.0,0.0,,54.0,49.0,91.0,82.0,38.0,,55.0,39.0,54.0,39.0,60.0,53.0,6.0,54.0,40.0,,49.0,39.0,,82.0,,,,62.0,39.0,39.0,64.0,,128.0,75.0,38.0,,,,55.0,,,51.0,39.0,,338.0,50.0,55.0,101.0,53.0,,,40.0,50.0,51.0,38.0,50.0,51.0,39.0,49.0,,43.0,53.0,40.0,138.0,54.0,,,50.0,40.0,55.0,,,39.0,72.0,38.0,54.0,53.0,39.0,,,51.0,39.0,473.0,39.0,183.0,177.0,,75.0,,42.0,,98.0,,43.0,,470.0,50.0
88.0,35.0,115.0,35.0,44.0,34.0,44.0,67.0,44.0,,,57.0,38.0,54.0,,97.0,,34.0,44.0,58.0,40.0,,45.0,630.0,,45.0,,34.0,,,33.0,321.0,34.0,,,61.0,251.0,80.0,0.0,34.0,35.0,94.0,80.0,44.0,,41.0,45.0,34.0,45.0,53.0,33.0,5.0,33.0,42.0,,36.0,45.0,,81.0,,,,53.0,45.0,45.0,66.0,,126.0,53.0,44.0,,,,42.0,,,35.0,45.0,,345.0,40.0,33.0,101.0,33.0,,,42.0,34.0,34.0,44.0,35.0,38.0,45.0,43.0,,40.0,31.0,45.0,145.0,33.0,,,33.0,45.0,33.0,,,45.0,70.0,44.0,34.0,30.0,45.0,,78.0,37.0,45.0,477.0,45.0,181.0,173.0,,63.0,,42.0,,80.0,,41.0,,468.0,36.0
,,,,,,17.0,,17.0,,,,11.0,,,107.0,,,17.0,,,,18.0,,,18.0,,,,,,,,,,,264.0,,,0.0,,,,17.0,,,,,,,1.0,7.0,,,,,18.0,,88.0,,,,,18.0,18.0,73.0,,,,17.0,,,,,,,,18.0,,,,,,,,,15.0,,,,,,18.0,,,,,,,,,,,18.0,,,,,,17.0,4.0,,,,,,,,,,,,,,,,,,,,,
88.0,14.0,119.0,4.0,19.0,3.0,22.0,64.0,22.0,,,,19.0,,,94.0,,11.0,22.0,29.0,,,23.0,,,23.0,,11.0,,,8.0,,11.0,,,29.0,247.0,,,11.0,0.0,88.0,,22.0,,8.0,23.0,9.0,23.0,,11.0,6.0,7.0,21.0,,3.0,23.0,,79.0,,,,38.0,23.0,23.0,62.0,,123.0,51.0,22.0,,,,,,,3.0,23.0,,,,10.0,95.0,10.0,,,21.0,2.0,5.0,22.0,2.0,0.0,23.0,,,18.0,9.0,23.0,123.0,10.0,,,5.0,23.0,10.0,,,23.0,64.0,22.0,12.0,9.0,23.0,,,,23.0,,23.0,174.0,181.0,,62.0,,20.0,,,,19.0,,,
38.0,,22.0,91.0,,89.0,105.0,,105.0,,,,103.0,,,33.0,,,105.0,68.0,,,106.0,,,106.0,,,,,95.0,,99.0,,,75.0,36.0,,,98.0,,0.0,,105.0,,81.0,,,,,99.0,2.0,,,,89.0,106.0,,20.0,,,,65.0,106.0,106.0,23.0,,2.0,63.0,105.0,,,,,,,84.0,106.0,,,,,30.0,97.0,,,103.0,,,,86.0,86.0,106.0,,,,96.0,,,98.0,,,,106.0,,,,,,105.0,98.0,96.0,,,,,,,,40.0,10.0,,52.0,,,,,,,,,
60.0,85.0,42.0,82.0,90.0,82.0,93.0,10.0,93.0,,,71.0,88.0,72.0,,12.0,,85.0,93.0,74.0,80.0,,94.0,129.0,,94.0,,84.0,,,83.0,73.0,84.0,,,74.0,28.0,,,85.0,81.0,10.0,0.0,93.0,,78.0,94.0,84.0,94.0,74.0,85.0,1.0,83.0,92.0,,82.0,94.0,,12.0,,,,72.0,94.0,94.0,10.0,,13.0,72.0,93.0,,,,77.0,,,81.0,94.0,,80.0,80.0,85.0,11.0,83.0,,,92.0,82.0,82.0,93.0,82.0,82.0,94.0,81.0,,87.0,83.0,94.0,194.0,84.0,,,84.0,94.0,84.0,,,94.0,11.0,93.0,85.0,84.0,94.0,,,81.0,94.0,84.0,94.0,18.0,24.0,,67.0,,90.0,,70.0,,88.0,,70.0,81.0
,,,,,,0.0,,,,,,,,,116.0,,,,,,,1.0,,,1.0,,,,,,,,,,,271.0,,,,,,,0.0,,,,,,,,7.0,,,,,1.0,,96.0,,,,,1.0,1.0,76.0,,,,,,,,,,,,1.0,,,,,,,,,,,,,,,1.0,,,,,,,,,,,1.0,,,,,,,,,,,,,,,,,,,,,,,,,,,,
94.0,34.0,115.0,37.0,41.0,35.0,43.0,72.0,43.0,,,69.0,37.0,61.0,,93.0,,29.0,43.0,66.0,44.0,,44.0,626.0,,44.0,,29.0,,58.0,35.0,338.0,29.0,,,66.0,253.0,82.0,59.0,29.0,36.0,88.0,81.0,43.0,0.0,43.0,44.0,31.0,44.0,64.0,30.0,6.0,32.0,43.0,,35.0,44.0,,84.0,,,,74.0,44.0,44.0,67.0,,122.0,88.0,43.0,,78.0,,51.0,,,37.0,44.0,,346.0,47.0,30.0,102.0,28.0,,,43.0,37.0,33.0,43.0,34.0,36.0,44.0,46.0,,38.0,29.0,44.0,144.0,28.0,,,34.0,44.0,30.0,,,44.0,71.0,43.0,31.0,30.0,44.0,2.0,79.0,40.0,44.0,475.0,44.0,182.0,175.0,,91.0,,41.0,,101.0,79.0,39.0,,468.0,37.0
,,,12.0,,10.0,29.0,,29.0,,,,25.0,,,87.0,,,29.0,,,,30.0,,,30.0,,,,,16.0,,18.0,,,,239.0,,,19.0,,,,29.0,,0.0,,,,,19.0,5.0,,,,9.0,30.0,,71.0,,,,,30.0,30.0,59.0,,,,29.0,,,,,,,5.0,30.0,,,,,,18.0,,,28.0,,,,9.0,7.0,30.0,,,,17.0,,,18.0,,,,31.0,,,,,,29.0,20.0,17.0,,,,,,,,,,,,,,,,,,,,
109.0,,142.0,23.0,,21.0,1.0,84.0,1.0,,,,13.0,,,117.0,,,1.0,53.0,,,0.0,,,0.0,,,,,20.0,,19.0,,,52.0,272.0,,,18.0,,106.0,,1.0,,30.0,0.0,,,,17.0,7.0,,,,23.0,0.0,,97.0,,,,59.0,0.0,0.0,76.0,,143.0,74.0,1.0,,,,,,,24.0,0.0,,,,,116.0,17.0,,,3.0,,,,23.0,24.0,0.0,,,,17.0,0.0,100.0,18.0,,,,0.0,,,,,87.0,1.0,16.0,16.0,,,,,,,,199.0,201.0,,86.0,,,,,,,,,
95.0,9.0,129.0,7.0,18.0,8.0,20.0,73.0,20.0,,,,14.0,,,105.0,,3.0,20.0,39.0,,,21.0,,,21.0,,3.0,,,6.0,,3.0,,,38.0,261.0,,,3.0,,96.0,,20.0,,15.0,21.0,0.0,21.0,,5.0,6.0,,18.0,,9.0,21.0,,86.0,,,,46.0,21.0,21.0,70.0,,133.0,59.0,20.0,,,,,,,10.0,21.0,,,,2.0,104.0,2.0,,,18.0,,,20.0,8.0,10.0,21.0,,,14.0,2.0,21.0,121.0,2.0,,,,21.0,1.0,,,21.0,74.0,20.0,6.0,4.0,21.0,,,,21.0,,21.0,188.0,187.0,,71.0,,16.0,,,,15.0,,,
109.0,,142.0,23.0,,21.0,1.0,84.0,1.0,,,,13.0,,,117.0,,,1.0,53.0,,,0.0,,,0.0,,,,,20.0,,19.0,,,52.0,272.0,,,18.0,,106.0,,1.0,,30.0,0.0,,0.0,,17.0,7.0,,,,23.0,0.0,,97.0,,,,59.0,0.0,0.0,76.0,,143.0,74.0,1.0,,,,,,,24.0,0.0,,,,,116.0,17.0,,,3.0,,,,23.0,24.0,0.0,,,,17.0,0.0,100.0,18.0,,,,0.0,,,,,87.0,1.0,16.0,16.0,,,,,,,,199.0,201.0,,86.0,,,,,,,,,
58.0,47.0,95.0,37.0,52.0,36.0,54.0,44.0,54.0,,,,50.0,,,77.0,,45.0,54.0,11.0,25.0,,55.0,,,55.0,,46.0,,,41.0,,44.0,,,10.0,223.0,,,45.0,34.0,64.0,,54.0,,28.0,55.0,41.0,55.0,0.0,45.0,4.0,41.0,53.0,,36.0,55.0,,59.0,,,,15.0,55.0,55.0,47.0,,98.0,25.0,54.0,,,,14.0,,,33.0,55.0,,,21.0,44.0,83.0,44.0,,,53.0,36.0,39.0,54.0,37.0,35.0,55.0,25.0,,50.0,42.0,56.0,155.0,44.0,,,39.0,56.0,42.0,,,55.0,43.0,54.0,46.0,42.0,55.0,,,31.0,55.0,,55.0,147.0,159.0,,32.0,,52.0,,,,51.0,,,35.0
,,,,,,16.0,,16.0,,,,10.0,,,108.0,,,16.0,,,,17.0,,,17.0,,,,,,,,,,,265.0,,,,,,,16.0,,,,,,,0.0,7.0,,,,,17.0,,89.0,,,,,17.0,17.0,74.0,,,,16.0,,,,,,,,17.0,,,,,,,,,14.0,,,,,,17.0,,,,,,,,,,,17.0,,,,,,16.0,3.0,,,,,,,,,,,,,,,,,,,,,
,,,,,,,,,,,,,,,,,,,,,,,,,,,,,,,,,,,,,,,,,,,,,,,,,,,0.0,,,,,,,,,,,,,,,,,,,,,,,,,,,,,,,,,,,,,,,,,,,,,,,,,,,,,,,,,,,,,,,,,,,,,,,,,,,,,,,,
92.0,11.0,127.0,6.0,17.0,6.0,19.0,72.0,19.0,,,,15.0,,,103.0,,5.0,19.0,39.0,,,20.0,,,20.0,,5.0,,,7.0,,4.0,,,38.0,259.0,,,5.0,,94.0,,19.0,,15.0,20.0,1.0,20.0,,6.0,6.0,0.0,18.0,,7.0,20.0,,84.0,,,,46.0,20.0,20.0,69.0,,132.0,59.0,19.0,,,,,,,10.0,20.0,,,,4.0,103.0,4.0,,,18.0,,,19.0,7.0,9.0,20.0,,,15.0,3.0,20.0,120.0,4.0,,,,20.0,2.0,,,20.0,72.0,19.0,7.0,4.0,20.0,,,,20.0,,20.0,186.0,187.0,,70.0,,17.0,,,,16.0,,,
107.0,,140.0,22.0,,20.0,2.0,82.0,2.0,,,,10.0,,,115.0,,,2.0,51.0,,,3.0,,,3.0,,,,,19.0,,16.0,,,50.0,270.0,,,15.0,,103.0,,2.0,,28.0,3.0,,3.0,,14.0,7.0,,0.0,,21.0,3.0,,95.0,,,,57.0,3.0,3.0,75.0,,141.0,72.0,2.0,,,,,,,22.0,3.0,,,,,114.0,15.0,,,0.0,,,2.0,21.0,22.0,3.0,,,,14.0,3.0,103.0,15.0,,,,3.0,,,,3.0,85.0,2.0,13.0,15.0,3.0,,,,3.0,,3.0,198.0,199.0,,84.0,,,,,,,,,
103.0,28.0,126.0,27.0,34.0,25.0,36.0,76.0,36.0,41.0,,67.0,32.0,59.0,,104.0,,22.0,36.0,53.0,30.0,,37.0,631.0,,37.0,,22.0,71.0,51.0,28.0,335.0,22.0,,40.0,53.0,255.0,75.0,52.0,22.0,23.0,91.0,79.0,36.0,49.0,32.0,37.0,22.0,37.0,56.0,23.0,6.0,22.0,36.0,0.0,26.0,37.0,,87.0,69.0,,,60.0,37.0,37.0,68.0,,128.0,73.0,36.0,,71.0,47.0,39.0,77.0,69.0,25.0,37.0,,349.0,34.0,23.0,100.0,21.0,,78.0,36.0,27.0,24.0,36.0,27.0,25.0,37.0,32.0,,31.0,23.0,37.0,137.0,21.0,,,24.0,37.0,21.0,,69.0,37.0,75.0,36.0,24.0,24.0,37.0,49.0,72.0,26.0,37.0,479.0,37.0,186.0,181.0,,81.0,,34.0,,97.0,72.0,32.0,44.0,474.0,24.0
,,,2.0,,2.0,22.0,,22.0,,,,16.0,,,95.0,,,22.0,,,,23.0,,,23.0,,,,,6.0,,11.0,,,,252.0,,,11.0,,,,22.0,,,,,,,11.0,6.0,,,,0.0,23.0,,79.0,,,,,23.0,23.0,63.0,,,,22.0,,,,,,,,23.0,,,,,,10.0,,,21.0,,,,,,23.0,,,,7.0,,,10.0,,,,23.0,,,,,,22.0,11.0,7.0,,,,,,,,,,,,,,,,,,,,
,,,,,,,,,,,,,,,117.0,,,,,,,0.0,,,,,,,,,,,,,,272.0,,,,,,,,,,,,,,,7.0,,,,,0.0,,97.0,,,,,,0.0,76.0,,,,,,,,,,,,,,,,,,,,,,,,,,,0.0,,,,,,,,,,,0.0,,,,,,,,,,,,,,,,,,,,,,,,,,,,
75.0,42.0,111.0,45.0,50.0,44.0,50.0,70.0,50.0,61.0,84.0,70.0,46.0,65.0,61.0,99.0,53.0,42.0,50.0,69.0,47.0,68.0,51.0,625.0,60.0,51.0,23.0,40.0,85.0,65.0,46.0,331.0,42.0,,60.0,69.0,248.0,89.0,66.0,42.0,42.0,86.0,70.0,50.0,63.0,45.0,51.0,44.0,51.0,66.0,43.0,6.0,41.0,48.0,54.0,44.0,51.0,0.0,73.0,83.0,,,68.0,51.0,51.0,57.0,,115.0,79.0,50.0,,85.0,63.0,52.0,92.0,83.0,38.0,51.0,62.0,342.0,47.0,43.0,99.0,41.0,29.0,91.0,48.0,46.0,42.0,50.0,45.0,41.0,51.0,49.0,70.0,46.0,41.0,51.0,151.0,41.0,,,43.0,51.0,43.0,,83.0,51.0,65.0,50.0,42.0,43.0,51.0,61.0,86.0,42.0,51.0,472.0,51.0,175.0,169.0,73.0,76.0,,48.0,87.0,100.0,86.0,47.0,62.0,464.0,41.0
,,,,,,,,,,,,,,,32.0,,,,,,,,,,,,,,,,,,,,,46.0,,,,,,,,,,,,,,,2.0,,,,,,,0.0,,,,,,,,,,,,,,,,,,,,,,,,,,,,,,,,,,,,,,,,,,,,,,,,,,,,,,,,,,,,,,,,,,,,,,,,,
104.0,45.0,132.0,46.0,38.0,44.0,33.0,73.0,33.0,76.0,,64.0,45.0,57.0,,103.0,,48.0,33.0,54.0,44.0,,34.0,639.0,,34.0,,49.0,56.0,76.0,45.0,330.0,49.0,,75.0,57.0,254.0,36.0,77.0,48.0,46.0,97.0,85.0,33.0,76.0,52.0,34.0,49.0,34.0,59.0,47.0,6.0,48.0,35.0,,46.0,34.0,,86.0,0.0,,,60.0,34.0,34.0,66.0,,132.0,75.0,33.0,,30.0,72.0,52.0,64.0,26.0,48.0,34.0,,339.0,49.0,49.0,102.0,48.0,,65.0,35.0,46.0,47.0,33.0,47.0,48.0,34.0,47.0,,38.0,48.0,34.0,134.0,48.0,,,46.0,34.0,50.0,,56.0,34.0,77.0,33.0,48.0,48.0,34.0,76.0,33.0,48.0,34.0,478.0,34.0,186.0,182.0,,83.0,,37.0,,91.0,33.0,38.0,71.0,474.0,47.0
101.0,28.0,129.0,29.0,35.0,27.0,37.0,74.0,37.0,52.0,69.0,63.0,31.0,61.0,44.0,106.0,46.0,24.0,37.0,59.0,37.0,45.0,38.0,632.0,45.0,38.0,64.0,25.0,69.0,40.0,27.0,328.0,25.0,75.0,51.0,58.0,254.0,72.0,41.0,24.0,29.0,96.0,81.0,37.0,50.0,36.0,38.0,25.0,38.0,57.0,23.0,6.0,26.0,37.0,43.0,28.0,38.0,61.0,82.0,70.0,0.0,,57.0,38.0,38.0,71.0,76.0,132.0,71.0,37.0,75.0,70.0,38.0,42.0,75.0,68.0,30.0,38.0,35.0,347.0,38.0,23.0,103.0,24.0,68.0,74.0,37.0,29.0,27.0,37.0,30.0,32.0,38.0,39.0,47.0,32.0,23.0,38.0,138.0,24.0,55.0,,26.0,38.0,24.0,,67.0,38.0,75.0,37.0,25.0,22.0,38.0,52.0,69.0,33.0,38.0,478.0,38.0,178.0,180.0,64.0,81.0,,35.0,70.0,89.0,71.0,33.0,35.0,471.0,30.0
118.0,48.0,133.0,49.0,57.0,46.0,59.0,73.0,59.0,60.0,92.0,81.0,51.0,77.0,66.0,100.0,56.0,43.0,59.0,72.0,48.0,71.0,60.0,623.0,67.0,60.0,72.0,43.0,91.0,74.0,50.0,348.0,43.0,99.0,59.0,71.0,243.0,97.0,75.0,43.0,43.0,88.0,77.0,59.0,68.0,48.0,60.0,43.0,60.0,73.0,44.0,6.0,42.0,57.0,57.0,47.0,60.0,71.0,83.0,91.0,66.0,0.0,77.0,60.0,60.0,68.0,99.0,122.0,90.0,59.0,96.0,93.0,70.0,57.0,100.0,92.0,43.0,60.0,69.0,363.0,52.0,44.0,99.0,42.0,78.0,100.0,57.0,48.0,45.0,59.0,47.0,44.0,60.0,50.0,73.0,53.0,44.0,60.0,158.0,42.0,63.0,65.0,48.0,60.0,42.0,,89.0,60.0,72.0,59.0,45.0,46.0,60.0,68.0,94.0,44.0,60.0,485.0,60.0,169.0,167.0,78.0,97.0,68.0,55.0,95.0,108.0,94.0,54.0,67.0,475.0,43.0
,,,41.0,,40.0,58.0,,58.0,,,,54.0,,,79.0,,,58.0,10.0,,,59.0,,,59.0,,,,,45.0,,49.0,,,13.0,223.0,,,50.0,,,,58.0,,31.0,,,,,49.0,4.0,,,,40.0,59.0,,60.0,,,,0.0,59.0,59.0,46.0,,,,58.0,,,,,,,37.0,59.0,,,,,,49.0,,,57.0,,,,40.0,39.0,59.0,,,,47.0,,,49.0,,,,60.0,,,,,,58.0,50.0,46.0,,,,,,,,,,,,,,,,,,,,
,,,,,,,,,,,,,,,117.0,,,,,,,0.0,,,0.0,,,,,,,,,,,272.0,,,,,,,,,,,,,,,7.0,,,,,0.0,,97.0,,,,,0.0,0.0,76.0,,,,,,,,,,,,0.0,,,,,,,,,,,,,,,0.0,,,,,,,,,,,0.0,,,,,,,,,,,,,,,,,,,,,,,,,,,,
,,,,,,,,,,,,,,,117.0,,,,,,,,,,,,,,,,,,,,,272.0,,,,,,,,,,,,,,,7.0,,,,,,,97.0,,,,,,0.0,76.0,,,,,,,,,,,,,,,,,,,,,,,,,,,,,,,,,,,,,,0.0,,,,,,,,,,,,,,,,,,,,,,,,,,,,
,,,,,,,,,,,,,,,25.0,,,,,,,,,,,,,,,,,,,,,39.0,,,,,,,,,,,,,,,1.0,,,,,,,5.0,,,,,,,0.0,,,,,,,,,,,,,,,,,,,,,,,,,,,,,,,,,,,,,,,,,,,,,,,,,,,,,,,,,,,,,,,,,,
106.0,52.0,135.0,52.0,46.0,49.0,40.0,70.0,40.0,84.0,60.0,70.0,53.0,64.0,82.0,106.0,78.0,56.0,40.0,60.0,50.0,83.0,41.0,635.0,78.0,41.0,88.0,57.0,64.0,82.0,51.0,338.0,57.0,68.0,83.0,62.0,245.0,44.0,83.0,56.0,50.0,91.0,81.0,40.0,84.0,57.0,41.0,56.0,41.0,65.0,55.0,6.0,56.0,42.0,77.0,51.0,41.0,88.0,82.0,40.0,,,66.0,41.0,41.0,64.0,0.0,125.0,79.0,40.0,70.0,40.0,78.0,57.0,66.0,36.0,53.0,41.0,81.0,345.0,54.0,57.0,105.0,55.0,94.0,67.0,42.0,52.0,53.0,40.0,52.0,53.0,41.0,53.0,87.0,45.0,55.0,42.0,140.0,56.0,85.0,,52.0,42.0,57.0,,62.0,41.0,71.0,40.0,56.0,55.0,41.0,84.0,41.0,53.0,41.0,481.0,41.0,174.0,176.0,96.0,88.0,,44.0,65.0,100.0,41.0,45.0,77.0,475.0,51.0
59.0,,34.0,128.0,,125.0,142.0,,142.0,,,,141.0,,,34.0,,,142.0,104.0,,,143.0,,,143.0,,,,,131.0,,138.0,,,109.0,44.0,,,137.0,,,,142.0,,113.0,,,,,138.0,3.0,,,,125.0,143.0,,29.0,,,,99.0,143.0,143.0,21.0,,0.0,99.0,142.0,,,,,,,118.0,143.0,,,,,30.0,136.0,,,141.0,,,,123.0,121.0,143.0,,,,134.0,,,137.0,,,,144.0,,,,,,142.0,137.0,133.0,,,,,,,,47.0,11.0,,83.0,,,,,,,,,
,,,55.0,,54.0,73.0,,73.0,,,,69.0,,,78.0,,,73.0,24.0,,,74.0,,,74.0,,,,,58.0,,62.0,,,27.0,222.0,,,63.0,,,,73.0,,46.0,,,,,62.0,4.0,,,,55.0,74.0,,57.0,,,,14.0,74.0,74.0,44.0,,,0.0,73.0,,,,,,,52.0,74.0,,,,,,62.0,,,72.0,,,,55.0,55.0,74.0,,,,60.0,,,62.0,,,,75.0,,,,,,73.0,64.0,59.0,,,,,,,,,,,,,,,,,,,,
,,,,,,0.0,,0.0,,,,,,,116.0,,,0.0,,,,1.0,,,1.0,,,,,,,,,,,271.0,,,,,,,0.0,,,,,,,,7.0,,,,,1.0,,96.0,,,,,1.0,1.0,76.0,,,,0.0,,,,,,,,1.0,,,,,,,,,,,,,,,1.0,,,,,,,,,,,1.0,,,,,,0.0,,,,,,,,,,,,,,,,,,,,,,
100.0,51.0,133.0,47.0,44.0,45.0,41.0,70.0,41.0,80.0,22.0,61.0,53.0,49.0,80.0,105.0,75.0,55.0,41.0,43.0,43.0,82.0,40.0,628.0,77.0,40.0,91.0,57.0,24.0,79.0,46.0,332.0,55.0,,79.0,42.0,251.0,66.0,80.0,55.0,44.0,98.0,83.0,41.0,83.0,39.0,40.0,51.0,40.0,44.0,54.0,6.0,50.0,42.0,77.0,46.0,40.0,91.0,83.0,62.0,,,49.0,40.0,40.0,68.0,,130.0,66.0,41.0,0.0,62.0,75.0,41.0,32.0,62.0,43.0,40.0,78.0,342.0,43.0,54.0,104.0,52.0,101.0,33.0,42.0,47.0,47.0,41.0,47.0,46.0,40.0,46.0,85.0,44.0,50.0,40.0,140.0,54.0,84.0,,47.0,40.0,52.0,,24.0,40.0,72.0,41.0,56.0,48.0,40.0,83.0,63.0,44.0,40.0,484.0,40.0,175.0,181.0,95.0,78.0,,43.0,27.0,92.0,65.0,44.0,74.0,474.0,45.0
88.0,46.0,120.0,46.0,40.0,43.0,34.0,72.0,34.0,,,62.0,47.0,53.0,,103.0,,50.0,34.0,49.0,40.0,,35.0,637.0,,35.0,,51.0,,72.0,45.0,324.0,51.0,,,54.0,254.0,18.0,73.0,50.0,45.0,93.0,89.0,34.0,,51.0,35.0,50.0,35.0,53.0,49.0,6.0,50.0,36.0,,45.0,35.0,,84.0,,,,53.0,35.0,35.0,65.0,,131.0,63.0,34.0,,0.0,,48.0,,,47.0,35.0,,333.0,44.0,51.0,107.0,49.0,,,36.0,46.0,47.0,34.0,46.0,47.0,35.0,45.0,,39.0,49.0,36.0,134.0,50.0,,,46.0,36.0,51.0,,,35.0,77.0,34.0,50.0,49.0,35.0,,15.0,47.0,35.0,471.0,35.0,187.0,180.0,,66.0,,38.0,,92.0,,39.0,,468.0,46.0
84.0,33.0,115.0,30.0,39.0,29.0,39.0,67.0,39.0,,,55.0,37.0,50.0,,102.0,,28.0,39.0,54.0,37.0,,40.0,628.0,,40.0,,29.0,,8.0,28.0,318.0,27.0,,,57.0,254.0,76.0,9.0,28.0,30.0,97.0,79.0,39.0,54.0,36.0,40.0,28.0,40.0,49.0,28.0,6.0,27.0,37.0,,31.0,40.0,,84.0,,,,49.0,40.0,40.0,67.0,,130.0,49.0,39.0,,68.0,0.0,37.0,,,30.0,40.0,,343.0,35.0,27.0,101.0,27.0,,,37.0,29.0,28.0,39.0,30.0,33.0,40.0,41.0,,35.0,25.0,40.0,140.0,27.0,,,28.0,40.0,27.0,,,40.0,69.0,39.0,29.0,25.0,40.0,54.0,73.0,34.0,40.0,476.0,40.0,181.0,175.0,,59.0,,37.0,,78.0,69.0,36.0,,467.0,31.0
70.0,31.0,102.0,23.0,35.0,21.0,38.0,48.0,38.0,,,,33.0,,,79.0,,27.0,38.0,17.0,9.0,,39.0,,,39.0,,29.0,,,24.0,,26.0,,,16.0,228.0,,,27.0,19.0,71.0,,38.0,,11.0,39.0,24.0,39.0,,27.0,4.0,23.0,37.0,,20.0,39.0,,64.0,,,,21.0,39.0,39.0,52.0,,103.0,32.0,38.0,,,,0.0,,,17.0,39.0,,,5.0,26.0,79.0,26.0,,,37.0,20.0,21.0,38.0,20.0,18.0,39.0,10.0,,34.0,25.0,39.0,139.0,26.0,,,23.0,39.0,25.0,,,39.0,48.0,38.0,29.0,26.0,39.0,,,15.0,39.0,,39.0,150.0,166.0,,43.0,,36.0,,,,35.0,,,19.0
96.0,54.0,117.0,48.0,48.0,46.0,42.0,69.0,42.0,85.0,,63.0,55.0,55.0,,103.0,,57.0,42.0,49.0,49.0,,41.0,628.0,,41.0,,59.0,28.0,82.0,47.0,332.0,57.0,,84.0,48.0,252.0,66.0,83.0,57.0,48.0,95.0,82.0,42.0,85.0,45.0,41.0,53.0,41.0,50.0,56.0,6.0,53.0,44.0,,48.0,41.0,,83.0,,,,55.0,41.0,41.0,69.0,,130.0,66.0,42.0,,60.0,78.0,44.0,0.0,,47.0,41.0,,339.0,48.0,56.0,101.0,55.0,,5.0,44.0,49.0,49.0,42.0,49.0,50.0,41.0,51.0,,47.0,53.0,42.0,140.0,56.0,,,48.0,42.0,54.0,,28.0,41.0,70.0,42.0,58.0,50.0,41.0,85.0,63.0,49.0,41.0,475.0,41.0,177.0,177.0,,78.0,,46.0,,96.0,63.0,47.0,77.0,467.0,49.0
105.0,44.0,134.0,45.0,38.0,42.0,32.0,71.0,32.0,76.0,,62.0,45.0,56.0,,106.0,,48.0,32.0,51.0,41.0,,33.0,637.0,,33.0,,49.0,56.0,74.0,45.0,332.0,49.0,,75.0,54.0,254.0,32.0,75.0,48.0,44.0,98.0,84.0,32.0,74.0,50.0,33.0,48.0,33.0,58.0,47.0,6.0,48.0,34.0,,44.0,33.0,,87.0,,,,57.0,33.0,33.0,66.0,,132.0,71.0,32.0,,26.0,70.0,50.0,62.0,0.0,46.0,33.0,,341.0,46.0,49.0,103.0,47.0,,61.0,34.0,45.0,45.0,32.0,45.0,46.0,33.0,44.0,,37.0,47.0,34.0,132.0,48.0,,,44.0,34.0,49.0,,54.0,33.0,75.0,32.0,48.0,47.0,33.0,74.0,29.0,46.0,33.0,478.0,33.0,186.0,181.0,,84.0,,36.0,,90.0,29.0,37.0,69.0,475.0,45.0
,,,7.0,,5.0,23.0,,23.0,,,,19.0,,,93.0,,,23.0,,,,24.0,,,24.0,,,,,11.0,,13.0,,,,244.0,,,14.0,,,,23.0,,,,,,,14.0,5.0,,,,4.0,24.0,,76.0,,,,,24.0,24.0,61.0,,,,23.0,,,,,,,0.0,24.0,,,,,,13.0,,,22.0,,,,4.0,2.0,24.0,,,,12.0,,,13.0,,,,25.0,,,,,,23.0,14.0,12.0,,,,,,,,,,,,,,,,,,,,
,,,,,,,,,,,,,,,117.0,,,,,,,0.0,,,,,,,,,,,,,,272.0,,,,,,,,,,,,,,,7.0,,,,,0.0,,97.0,,,,,,0.0,76.0,,,,,,,,,,,,0.0,,,,,,,,,,,,,,,0.0,,,,,,,,,,,0.0,,,,,,,,,,,,,,,,,,,,,,,,,,,,
96.0,32.0,127.0,32.0,38.0,30.0,40.0,70.0,40.0,55.0,75.0,64.0,36.0,59.0,47.0,103.0,49.0,28.0,40.0,56.0,38.0,50.0,41.0,629.0,48.0,41.0,65.0,28.0,73.0,27.0,30.0,322.0,28.0,,54.0,58.0,254.0,79.0,28.0,28.0,33.0,98.0,78.0,40.0,55.0,39.0,41.0,28.0,41.0,56.0,27.0,6.0,29.0,40.0,48.0,33.0,41.0,,82.0,73.0,,,55.0,41.0,41.0,69.0,,133.0,62.0,40.0,,73.0,23.0,43.0,81.0,73.0,33.0,41.0,0.0,346.0,39.0,27.0,100.0,27.0,73.0,80.0,40.0,31.0,31.0,40.0,34.0,35.0,41.0,41.0,52.0,35.0,27.0,41.0,141.0,27.0,,,29.0,41.0,27.0,,71.0,41.0,70.0,40.0,28.0,25.0,41.0,53.0,76.0,36.0,41.0,481.0,41.0,181.0,176.0,65.0,73.0,,38.0,76.0,82.0,74.0,36.0,22.0,472.0,34.0
293.0,344.0,305.0,339.0,343.0,336.0,345.0,45.0,345.0,,,290.0,345.0,303.0,,76.0,,344.0,345.0,319.0,328.0,,346.0,,,346.0,,342.0,,,340.0,25.0,344.0,,,324.0,216.0,,,344.0,336.0,63.0,,345.0,,329.0,346.0,343.0,346.0,314.0,345.0,6.0,340.0,344.0,,337.0,346.0,,62.0,,,,319.0,346.0,346.0,48.0,,91.0,314.0,345.0,,,,323.0,,,333.0,346.0,,0.0,326.0,343.0,87.0,341.0,,,344.0,337.0,340.0,345.0,336.0,335.0,346.0,331.0,,341.0,341.0,346.0,444.0,343.0,,,340.0,346.0,343.0,,,346.0,46.0,345.0,344.0,342.0,346.0,,,332.0,346.0,,346.0,148.0,300.0,,300.0,,343.0,,241.0,,341.0,,,335.0
75.0,26.0,108.0,18.0,31.0,16.0,33.0,54.0,33.0,,,,29.0,,,83.0,,24.0,33.0,19.0,4.0,,34.0,,,34.0,,24.0,,,21.0,,23.0,,,18.0,231.0,,,24.0,14.0,75.0,,33.0,,13.0,34.0,20.0,34.0,,24.0,4.0,20.0,32.0,,15.0,34.0,,66.0,,,,23.0,34.0,34.0,53.0,,107.0,38.0,33.0,,,,,,,13.0,34.0,,,0.0,23.0,85.0,23.0,,,32.0,16.0,18.0,33.0,16.0,14.0,34.0,5.0,,30.0,22.0,35.0,134.0,23.0,,,19.0,35.0,21.0,,,34.0,53.0,33.0,25.0,23.0,34.0,,,11.0,34.0,,34.0,155.0,172.0,,49.0,,32.0,,,,31.0,,,15.0
96.0,8.0,131.0,10.0,16.0,9.0,18.0,76.0,18.0,,,,12.0,,,106.0,,1.0,18.0,42.0,,,19.0,,,19.0,,3.0,,,9.0,,2.0,,,41.0,263.0,,,1.0,,98.0,,18.0,,18.0,19.0,,19.0,,2.0,7.0,,16.0,,10.0,19.0,,88.0,,,,49.0,19.0,19.0,73.0,,136.0,62.0,18.0,,,,,,,13.0,19.0,,,,0.0,105.0,2.0,,,16.0,,,18.0,11.0,13.0,19.0,,,12.0,2.0,19.0,119.0,2.0,,,,19.0,,,,19.0,77.0,18.0,5.0,4.0,19.0,,,,19.0,,19.0,188.0,190.0,,74.0,,14.0,,,,13.0,,,
60.0,,41.0,100.0,,98.0,115.0,,115.0,,,,112.0,,,29.0,,,115.0,84.0,,,116.0,,,116.0,,,,,102.0,,107.0,,,89.0,44.0,,,106.0,,,,115.0,,90.0,,,,,107.0,4.0,,,,99.0,116.0,,29.0,,,,82.0,116.0,116.0,23.0,,,80.0,115.0,,,,,,,94.0,116.0,,,,,0.0,106.0,,,114.0,,,,98.0,97.0,116.0,,,,103.0,,,106.0,,,,117.0,,,,,,115.0,108.0,101.0,,,,,,,,,13.0,,74.0,,,,,,,,,
,,,,,,16.0,,16.0,,,,11.0,,,105.0,,,16.0,,,,17.0,,,17.0,,,,,,,0.0,,,,262.0,,,1.0,,,,16.0,,,,,,,2.0,6.0,,,,,17.0,,87.0,,,,,17.0,17.0,72.0,,,,16.0,,,,,,,,17.0,,,,,,0.0,,,15.0,,,,,,17.0,,,,,,,0.0,,,,18.0,,,,,,16.0,3.0,,,,,,,,,,,,,,,,,,,,,
88.0,50.0,121.0,52.0,59.0,51.0,61.0,68.0,61.0,68.0,,79.0,53.0,74.0,64.0,99.0,60.0,47.0,61.0,73.0,54.0,73.0,62.0,625.0,65.0,62.0,,47.0,96.0,76.0,52.0,334.0,47.0,,67.0,74.0,246.0,97.0,77.0,47.0,48.0,87.0,67.0,61.0,72.0,52.0,62.0,49.0,62.0,75.0,48.0,6.0,48.0,59.0,61.0,52.0,62.0,,77.0,92.0,,,72.0,62.0,62.0,58.0,,118.0,82.0,61.0,,93.0,72.0,58.0,101.0,92.0,46.0,62.0,,344.0,54.0,48.0,100.0,46.0,0.0,100.0,59.0,53.0,49.0,61.0,50.0,48.0,62.0,56.0,75.0,55.0,47.0,62.0,162.0,46.0,,,50.0,62.0,48.0,,92.0,62.0,67.0,61.0,49.0,49.0,62.0,70.0,94.0,50.0,62.0,473.0,62.0,172.0,166.0,82.0,85.0,,57.0,,102.0,94.0,56.0,71.0,463.0,48.0
99.0,53.0,117.0,48.0,47.0,46.0,41.0,70.0,41.0,84.0,,63.0,54.0,55.0,,102.0,,56.0,41.0,49.0,49.0,,40.0,628.0,,40.0,,58.0,29.0,81.0,48.0,332.0,56.0,,83.0,48.0,254.0,67.0,82.0,56.0,48.0,95.0,80.0,41.0,84.0,45.0,40.0,52.0,40.0,50.0,55.0,6.0,52.0,43.0,,48.0,40.0,,83.0,,,,55.0,40.0,40.0,69.0,,131.0,66.0,41.0,,61.0,77.0,44.0,,,47.0,40.0,,341.0,48.0,55.0,102.0,54.0,,0.0,43.0,49.0,48.0,41.0,49.0,50.0,40.0,51.0,,46.0,52.0,41.0,139.0,55.0,,,47.0,41.0,53.0,,29.0,40.0,69.0,41.0,57.0,49.0,40.0,84.0,64.0,49.0,40.0,477.0,40.0,177.0,177.0,,78.0,,45.0,,96.0,64.0,46.0,76.0,466.0,49.0
,,,,,,2.0,,2.0,,,,,,,115.0,,,2.0,,,,3.0,,,3.0,,,,,,,,,,,270.0,,,,,,,2.0,,,,,,,,7.0,,,,,3.0,,95.0,,,,,3.0,3.0,75.0,,,,2.0,,,,,,,,3.0,,,,,,,,,0.0,,,,,,3.0,,,,,,,,,,,3.0,,,,,,2.0,,,,,,,,,,,,,,,,,,,,,,
91.0,15.0,122.0,2.0,19.0,1.0,22.0,67.0,22.0,,,,19.0,,,98.0,,12.0,22.0,32.0,,,23.0,,,23.0,,12.0,,,6.0,,12.0,,,32.0,254.0,,,12.0,,91.0,,22.0,,9.0,23.0,10.0,23.0,,12.0,6.0,7.0,22.0,,3.0,23.0,,80.0,,,,40.0,23.0,23.0,62.0,,126.0,54.0,22.0,,,,,,,4.0,23.0,,,,11.0,98.0,10.0,,,22.0,0.0,6.0,22.0,2.0,4.0,23.0,,,18.0,9.0,23.0,123.0,11.0,,,3.0,23.0,11.0,,,23.0,67.0,22.0,12.0,7.0,23.0,,,,23.0,,23.0,179.0,183.0,,67.0,,21.0,,,,19.0,,,
91.0,12.0,124.0,5.0,17.0,5.0,19.0,69.0,19.0,,,,16.0,,,99.0,,7.0,19.0,37.0,,,20.0,,,20.0,,7.0,,,8.0,,6.0,,,36.0,256.0,,,7.0,,93.0,,19.0,,13.0,20.0,2.0,20.0,,8.0,6.0,1.0,18.0,,4.0,20.0,,82.0,,,,43.0,20.0,20.0,66.0,,130.0,57.0,19.0,,,,,,,8.0,20.0,,,,6.0,101.0,6.0,,,18.0,,0.0,19.0,5.0,6.0,20.0,,,16.0,5.0,21.0,120.0,6.0,,,,21.0,3.0,,,20.0,69.0,19.0,9.0,5.0,20.0,,,,20.0,,20.0,182.0,187.0,,68.0,,18.0,,,,17.0,,,
108.0,,141.0,22.0,,20.0,0.0,83.0,0.0,,,,12.0,,,116.0,,,0.0,52.0,,,1.0,,,1.0,,,,,19.0,,18.0,,,51.0,271.0,,,17.0,,105.0,,0.0,,29.0,1.0,,1.0,,16.0,7.0,,,,22.0,1.0,,96.0,,,,58.0,1.0,1.0,76.0,,142.0,73.0,0.0,,,,,,,23.0,1.0,,,,,115.0,16.0,,,2.0,,,0.0,22.0,23.0,1.0,,,,16.0,1.0,101.0,17.0,,,,1.0,,,,1.0,87.0,0.0,15.0,16.0,1.0,,,,1.0,,1.0,199.0,200.0,,85.0,,,,,,,,,
,,,3.0,,2.0,22.0,,22.0,,,,18.0,,,94.0,,,22.0,,,,23.0,,,23.0,,,,,7.0,,11.0,,,,250.0,,,12.0,,,,22.0,,,,,,,12.0,6.0,,,,1.0,23.0,,79.0,,,,,23.0,23.0,63.0,,,,22.0,,,,,,,,23.0,,,,,,10.0,,,21.0,,,,0.0,,23.0,,,,9.0,,,11.0,,,,24.0,,,,,,22.0,14.0,9.0,,,,,,,,,,,,,,,,,,,,
,,,5.0,,4.0,23.0,,23.0,,,,19.0,,,93.0,,,23.0,,,,24.0,,,24.0,,,,,9.0,,13.0,,,,247.0,,,14.0,,,,23.0,,,,,,,14.0,6.0,,,,4.0,24.0,,77.0,,,,,24.0,24.0,63.0,,,,23.0,,,,,,,,24.0,,,,,,13.0,,,22.0,,,,4.0,0.0,24.0,,,,10.0,,,13.0,,,,25.0,,,,,,23.0,15.0,10.0,,,,,,,,,,,,,,,,,,,,
,,,,,,,,,,,,,,,117.0,,,,,,,0.0,,,,,,,,,,,,,,272.0,,,,,,,,,,,,,,,7.0,,,,,,,97.0,,,,,,0.0,76.0,,,,,,,,,,,,,,,,,,,,,,,,,,,0.0,,,,,,,,,,,0.0,,,,,,,,,,,,,,,,,,,,,,,,,,,,
80.0,23.0,113.0,13.0,29.0,13.0,32.0,62.0,32.0,,,,27.0,,,89.0,,22.0,32.0,20.0,,,33.0,,,33.0,,21.0,,,18.0,,22.0,,,18.0,238.0,,,22.0,9.0,81.0,,32.0,,10.0,33.0,20.0,33.0,,22.0,6.0,17.0,31.0,,11.0,33.0,,70.0,,,,28.0,33.0,33.0,56.0,,114.0,41.0,32.0,,,,,,,10.0,33.0,,,,21.0,91.0,20.0,,,31.0,14.0,16.0,32.0,12.0,9.0,33.0,0.0,,27.0,20.0,33.0,133.0,21.0,,,15.0,33.0,21.0,,,33.0,60.0,32.0,22.0,19.0,33.0,,,6.0,33.0,,33.0,163.0,175.0,,55.0,,30.0,,,,28.0,,,9.0
108.0,36.0,121.0,38.0,44.0,36.0,46.0,74.0,46.0,55.0,,75.0,40.0,71.0,,99.0,51.0,32.0,46.0,68.0,46.0,24.0,47.0,625.0,,47.0,,32.0,79.0,57.0,36.0,332.0,32.0,,54.0,68.0,249.0,85.0,58.0,32.0,37.0,87.0,81.0,46.0,59.0,46.0,47.0,32.0,47.0,71.0,31.0,6.0,33.0,44.0,48.0,37.0,47.0,,81.0,77.0,,,72.0,47.0,47.0,69.0,,125.0,84.0,46.0,,81.0,53.0,54.0,87.0,79.0,40.0,47.0,,353.0,50.0,31.0,96.0,31.0,,86.0,44.0,38.0,34.0,46.0,39.0,41.0,47.0,48.0,0.0,40.0,30.0,47.0,147.0,31.0,,,35.0,47.0,31.0,,77.0,47.0,73.0,46.0,32.0,31.0,47.0,59.0,82.0,41.0,47.0,472.0,47.0,177.0,167.0,69.0,87.0,,42.0,,100.0,82.0,41.0,50.0,462.0,38.0
103.0,,135.0,19.0,1.0,17.0,4.0,79.0,4.0,,,,10.0,,,111.0,,,4.0,49.0,,,5.0,,,5.0,,,,,17.0,,12.0,,,48.0,266.0,,,11.0,,99.0,,4.0,,26.0,5.0,,5.0,,10.0,6.0,,3.0,,17.0,5.0,,91.0,,,,54.0,5.0,5.0,72.0,,137.0,69.0,4.0,,,,,,,20.0,5.0,,,,,111.0,11.0,,,3.0,,,4.0,17.0,19.0,5.0,,,0.0,11.0,6.0,105.0,11.0,,,,6.0,,,,5.0,82.0,4.0,9.0,11.0,5.0,,,,5.0,,5.0,194.0,197.0,,80.0,,2.0,,,,1.0,,,
,,,,,,16.0,,16.0,,,,12.0,,,103.0,,,16.0,,,,17.0,,,17.0,,,,,,,2.0,,,,260.0,,,3.0,,,,16.0,,,,,,,4.0,6.0,,,,,17.0,,86.0,,,,,17.0,17.0,70.0,,,,16.0,,,,,,,,17.0,,,,,,1.0,,,14.0,,,,,,17.0,,,,0.0,,,2.0,,,,18.0,,,,,,16.0,5.0,,,,,,,,,,,,,,,,,,,,,
109.0,,142.0,23.0,,21.0,1.0,85.0,1.0,,,,13.0,,,118.0,,,1.0,54.0,,,0.0,,,0.0,,,,,21.0,,19.0,,,53.0,273.0,,,18.0,,106.0,,1.0,,31.0,,,,,17.0,7.0,,,,23.0,0.0,,97.0,,,,60.0,0.0,0.0,78.0,,144.0,75.0,1.0,,,,,,,25.0,0.0,,,,,117.0,18.0,,,3.0,,,,24.0,25.0,0.0,,,,18.0,0.0,100.0,18.0,,,,0.0,,,,,88.0,1.0,16.0,17.0,,,,,,,,200.0,202.0,,87.0,,,,,,,,,
209.0,,242.0,123.0,,121.0,101.0,66.0,101.0,,,,113.0,,,95.0,,,101.0,153.0,,,100.0,,,100.0,,,,,121.0,,119.0,,,152.0,227.0,,,118.0,,88.0,,101.0,,130.0,,,,,117.0,7.0,,,,123.0,100.0,,78.0,,,,159.0,100.0,100.0,63.0,,118.0,174.0,101.0,,,,,,,124.0,100.0,,,,,96.0,117.0,,,103.0,,,,123.0,124.0,100.0,,,,117.0,,0.0,118.0,,,,100.0,,,,,68.0,101.0,116.0,116.0,,,,,,,,164.0,301.0,,186.0,,,,,,,,,
,,,,,,17.0,,17.0,,,,11.0,,,106.0,,,17.0,,,,18.0,,,18.0,,,,,,,0.0,,,,263.0,,,1.0,,,,17.0,,,,,,,2.0,6.0,,,,,18.0,,88.0,,,,,18.0,18.0,73.0,,,,17.0,,,,,,,,18.0,,,,,,,,,15.0,,,,,,18.0,,,,,,,0.0,,,,18.0,,,,,,17.0,3.0,,,,,,,,,,,,,,,,,,,,,
99.0,38.0,124.0,37.0,46.0,35.0,46.0,73.0,46.0,31.0,80.0,70.0,42.0,62.0,55.0,102.0,43.0,32.0,46.0,58.0,35.0,60.0,47.0,631.0,58.0,47.0,65.0,32.0,77.0,59.0,38.0,336.0,32.0,,30.0,58.0,249.0,83.0,60.0,32.0,31.0,89.0,78.0,46.0,59.0,36.0,47.0,30.0,47.0,61.0,33.0,6.0,28.0,46.0,44.0,34.0,47.0,62.0,80.0,77.0,,,65.0,47.0,47.0,62.0,,126.0,80.0,46.0,,79.0,57.0,44.0,87.0,77.0,31.0,47.0,58.0,347.0,39.0,33.0,101.0,30.0,71.0,86.0,46.0,35.0,31.0,46.0,33.0,33.0,47.0,37.0,62.0,42.0,32.0,47.0,147.0,31.0,0.0,,35.0,47.0,29.0,,77.0,47.0,73.0,46.0,34.0,34.0,47.0,59.0,80.0,32.0,47.0,476.0,47.0,177.0,174.0,69.0,87.0,,44.0,81.0,95.0,80.0,43.0,56.0,469.0,31.0
111.0,35.0,136.0,36.0,44.0,35.0,46.0,74.0,46.0,51.0,81.0,74.0,38.0,65.0,55.0,103.0,45.0,32.0,46.0,58.0,39.0,58.0,47.0,627.0,54.0,47.0,63.0,32.0,81.0,61.0,37.0,344.0,32.0,85.0,50.0,57.0,248.0,83.0,62.0,32.0,32.0,93.0,76.0,46.0,59.0,40.0,47.0,32.0,47.0,61.0,31.0,6.0,32.0,44.0,42.0,36.0,47.0,62.0,86.0,77.0,53.0,,66.0,47.0,47.0,68.0,85.0,129.0,80.0,46.0,86.0,79.0,57.0,47.0,87.0,77.0,34.0,47.0,56.0,358.0,43.0,33.0,101.0,31.0,69.0,86.0,44.0,37.0,34.0,46.0,37.0,35.0,47.0,41.0,60.0,40.0,33.0,47.0,147.0,31.0,54.0,0.0,34.0,47.0,31.0,,79.0,47.0,72.0,46.0,32.0,32.0,47.0,59.0,80.0,35.0,47.0,489.0,47.0,173.0,172.0,71.0,90.0,53.0,42.0,82.0,104.0,76.0,41.0,54.0,474.0,32.0
93.0,12.0,124.0,2.0,17.0,2.0,19.0,69.0,19.0,,,,16.0,,,98.0,,8.0,19.0,34.0,,,20.0,,,20.0,,9.0,,,5.0,,8.0,,,34.0,255.0,,,8.0,,93.0,,19.0,,13.0,20.0,5.0,20.0,,8.0,6.0,3.0,19.0,,4.0,20.0,,83.0,,,,42.0,20.0,20.0,64.0,,128.0,57.0,19.0,,,,,,,8.0,20.0,,,,7.0,100.0,7.0,,,19.0,,2.0,19.0,5.0,7.0,20.0,,,16.0,6.0,20.0,120.0,7.0,,,0.0,20.0,6.0,,,20.0,69.0,19.0,8.0,3.0,20.0,,,,20.0,,20.0,181.0,186.0,,67.0,,18.0,,,,17.0,,,
,,,,,,,,,,,,,,,118.0,,,,,,,,,,,,,,,,,,,,,273.0,,,,,,,,,,,,,,,7.0,,,,,,,97.0,,,,,,,78.0,,,,,,,,,,,,,,,,,,,,,,,,,,,,,,,,,,,,,,0.0,,,,,,,,,,,,,,,,,,,,,,,,,,,,
96.0,8.0,130.0,8.0,17.0,9.0,19.0,74.0,19.0,,,,13.0,,,105.0,,2.0,19.0,40.0,,,20.0,,,20.0,,2.0,,,7.0,,2.0,,,39.0,262.0,,,2.0,,97.0,,19.0,,16.0,20.0,,20.0,,4.0,6.0,,17.0,,10.0,20.0,,87.0,,,,47.0,20.0,20.0,71.0,,134.0,60.0,19.0,,,,,,,11.0,20.0,,,,1.0,104.0,1.0,,,17.0,,,19.0,9.0,11.0,20.0,,,13.0,1.0,20.0,120.0,1.0,,,,20.0,0.0,,,20.0,75.0,19.0,5.0,3.0,20.0,,,,20.0,,20.0,188.0,188.0,,72.0,,15.0,,,,14.0,,,
138.0,49.0,152.0,63.0,55.0,61.0,55.0,73.0,55.0,82.0,90.0,97.0,50.0,94.0,78.0,101.0,74.0,54.0,55.0,88.0,66.0,81.0,56.0,623.0,79.0,56.0,92.0,53.0,90.0,82.0,61.0,359.0,55.0,92.0,81.0,88.0,239.0,93.0,81.0,54.0,62.0,92.0,71.0,55.0,82.0,64.0,56.0,57.0,56.0,90.0,53.0,6.0,58.0,53.0,75.0,59.0,56.0,89.0,84.0,87.0,74.0,92.0,93.0,56.0,56.0,68.0,95.0,114.0,108.0,55.0,95.0,89.0,80.0,73.0,96.0,87.0,62.0,56.0,77.0,372.0,70.0,55.0,98.0,54.0,98.0,95.0,53.0,63.0,60.0,55.0,62.0,63.0,56.0,68.0,83.0,53.0,56.0,56.0,156.0,54.0,83.0,79.0,60.0,56.0,56.0,0.0,88.0,56.0,73.0,55.0,52.0,56.0,56.0,80.0,90.0,61.0,56.0,492.0,56.0,175.0,168.0,94.0,118.0,84.0,51.0,93.0,123.0,90.0,53.0,77.0,475.0,63.0
97.0,45.0,126.0,40.0,38.0,37.0,35.0,74.0,35.0,,,57.0,45.0,46.0,,107.0,,47.0,35.0,40.0,38.0,,34.0,635.0,,34.0,,49.0,,74.0,39.0,331.0,47.0,,,39.0,259.0,58.0,75.0,47.0,38.0,96.0,87.0,35.0,76.0,35.0,34.0,44.0,34.0,42.0,46.0,6.0,44.0,35.0,,39.0,34.0,,86.0,,,,46.0,34.0,34.0,71.0,,132.0,62.0,35.0,,54.0,70.0,37.0,,,39.0,34.0,,341.0,39.0,46.0,106.0,46.0,,,35.0,40.0,41.0,35.0,40.0,41.0,34.0,40.0,,38.0,44.0,34.0,134.0,46.0,,,40.0,34.0,45.0,,0.0,34.0,73.0,35.0,48.0,41.0,34.0,76.0,55.0,38.0,34.0,479.0,34.0,183.0,187.0,,73.0,,37.0,,91.0,57.0,38.0,69.0,475.0,39.0
109.0,,142.0,23.0,,21.0,1.0,84.0,1.0,,,,13.0,,,117.0,,,1.0,53.0,,,0.0,,,0.0,,,,,20.0,,19.0,,,52.0,272.0,,,18.0,,106.0,,1.0,,30.0,0.0,,0.0,,17.0,7.0,,,,23.0,0.0,,97.0,,,,59.0,0.0,0.0,76.0,,143.0,74.0,1.0,,,,,,,24.0,0.0,,,,,116.0,17.0,,,3.0,,,,23.0,24.0,0.0,,,,17.0,0.0,100.0,18.0,,,,0.0,,,,0.0,87.0,1.0,16.0,16.0,0.0,,,,,,,199.0,201.0,,86.0,,,,,,,,,
26.0,,19.0,67.0,,65.0,87.0,,87.0,,,,84.0,,,35.0,,,87.0,42.0,,,87.0,,,87.0,,,,,71.0,,78.0,,,47.0,49.0,,,78.0,,28.0,,87.0,,54.0,,,,,79.0,2.0,,,,65.0,87.0,,24.0,,,,39.0,87.0,87.0,22.0,,31.0,39.0,87.0,,,,,,,60.0,87.0,,,,,22.0,75.0,,,85.0,,,,66.0,63.0,87.0,,,,73.0,,,77.0,,,,88.0,,,,,0.0,87.0,81.0,73.0,,,,,,,,40.0,10.0,,36.0,,,,,,,,,
,,,,,,0.0,,0.0,,,,,,,116.0,,,0.0,,,,1.0,,,1.0,,,,,,,,,,,271.0,,,,,,,0.0,,,,,,,,7.0,,,,,1.0,,96.0,,,,,1.0,1.0,76.0,,,,,,,,,,,,1.0,,,,,,,,,,,,,,,1.0,,,,,,,,,,,1.0,,,,,,0.0,,,,,,,,,,,,,,,,,,,,,,
,,,,,,15.0,,15.0,,,,9.0,,,107.0,,,15.0,,,,16.0,,,16.0,,,,,,,,,,,263.0,,,,,,,15.0,,,,,,,,6.0,,,,,16.0,,90.0,,,,,16.0,16.0,74.0,,,,15.0,,,,,,,,16.0,,,,,,,,,13.0,,,,,,16.0,,,,,,,,,,,16.0,,,,,,15.0,0.0,,,,,,,,,,,,,,,,,,,,,
,,,,,,16.0,,16.0,,,,12.0,,,102.0,,,16.0,,,,16.0,,,16.0,,,,,,,5.0,,,,259.0,,,5.0,,,,16.0,,,,,,,5.0,6.0,,,,,16.0,,86.0,,,,,16.0,16.0,68.0,,,,16.0,,,,,,,,16.0,,,,,,3.0,,,15.0,,,,,,16.0,,,,3.0,,,4.0,,,,17.0,,,,,,16.0,4.0,0.0,,,,,,,,,,,,,,,,,,,,
109.0,,142.0,23.0,,21.0,1.0,84.0,1.0,,,,13.0,,,117.0,,,1.0,53.0,,,0.0,,,0.0,,,,,20.0,,19.0,,,52.0,272.0,,,18.0,,106.0,,1.0,,30.0,0.0,,0.0,,17.0,7.0,,,,23.0,0.0,,97.0,,,,59.0,0.0,0.0,76.0,,143.0,74.0,1.0,,,,,,,24.0,0.0,,,,,116.0,17.0,,,3.0,,,,23.0,24.0,0.0,,,,17.0,0.0,100.0,18.0,,,,0.0,,,,,87.0,1.0,16.0,16.0,0.0,,,,,,,199.0,201.0,,86.0,,,,,,,,,
93.0,33.0,116.0,37.0,41.0,35.0,43.0,74.0,43.0,,,68.0,37.0,60.0,,94.0,,29.0,43.0,66.0,43.0,,44.0,628.0,,44.0,,29.0,,58.0,35.0,337.0,29.0,,,66.0,255.0,82.0,59.0,29.0,36.0,88.0,80.0,43.0,,43.0,44.0,31.0,44.0,64.0,30.0,6.0,32.0,43.0,,35.0,44.0,,83.0,,,,73.0,44.0,44.0,67.0,,121.0,87.0,43.0,,78.0,,50.0,,,36.0,44.0,,345.0,46.0,30.0,102.0,28.0,,,43.0,37.0,33.0,43.0,34.0,35.0,44.0,45.0,,38.0,29.0,44.0,144.0,28.0,,,34.0,44.0,30.0,,,44.0,71.0,43.0,31.0,30.0,44.0,0.0,79.0,39.0,44.0,476.0,44.0,183.0,176.0,,90.0,,41.0,,100.0,79.0,39.0,,469.0,37.0
92.0,47.0,119.0,47.0,41.0,44.0,35.0,73.0,35.0,,,65.0,48.0,56.0,,104.0,,51.0,35.0,52.0,42.0,,36.0,636.0,,36.0,,52.0,,,46.0,329.0,52.0,,,55.0,252.0,3.0,,51.0,46.0,92.0,83.0,35.0,,52.0,36.0,51.0,36.0,57.0,50.0,5.0,51.0,37.0,,46.0,36.0,,84.0,,,,59.0,36.0,36.0,65.0,,129.0,72.0,35.0,,,,52.0,,,48.0,36.0,,336.0,47.0,52.0,103.0,50.0,,,37.0,47.0,48.0,35.0,47.0,48.0,36.0,46.0,,40.0,50.0,37.0,135.0,51.0,,,47.0,37.0,52.0,,,36.0,74.0,35.0,51.0,50.0,36.0,,0.0,48.0,36.0,472.0,36.0,183.0,179.0,,72.0,,39.0,,97.0,,40.0,,469.0,47.0
86.0,17.0,118.0,6.0,22.0,6.0,24.0,62.0,24.0,,,,21.0,,,90.0,,15.0,24.0,27.0,,,25.0,,,25.0,,14.0,,,11.0,,15.0,,,25.0,242.0,,,15.0,2.0,83.0,,24.0,,4.0,25.0,12.0,25.0,,15.0,6.0,10.0,23.0,,4.0,25.0,,74.0,,,,35.0,25.0,25.0,61.0,,118.0,48.0,24.0,,,,,,,3.0,25.0,,,,14.0,94.0,13.0,,,23.0,6.0,9.0,24.0,6.0,3.0,25.0,,,20.0,13.0,26.0,125.0,14.0,,,7.0,26.0,13.0,,,25.0,59.0,24.0,15.0,12.0,25.0,,,0.0,25.0,,25.0,170.0,180.0,,62.0,,23.0,,,,21.0,,,2.0
109.0,,142.0,23.0,,21.0,1.0,84.0,1.0,,,,13.0,,,117.0,,,1.0,53.0,,,0.0,,,0.0,,,,,20.0,,19.0,,,52.0,272.0,,,18.0,,106.0,,1.0,,30.0,0.0,,0.0,,17.0,7.0,,,,23.0,0.0,,97.0,,,,59.0,0.0,0.0,76.0,,143.0,74.0,1.0,,,,,,,24.0,0.0,,,,,116.0,17.0,,,3.0,,,,23.0,24.0,0.0,,,,17.0,0.0,100.0,18.0,,,,0.0,,,,0.0,87.0,1.0,16.0,16.0,0.0,,,,0.0,,,199.0,201.0,,86.0,,,,,,,,,
404.0,482.0,360.0,474.0,484.0,470.0,485.0,52.0,485.0,,,420.0,482.0,436.0,,78.0,,479.0,485.0,453.0,462.0,,486.0,,,486.0,,481.0,,,474.0,153.0,479.0,,,459.0,190.0,,,479.0,470.0,62.0,,485.0,,462.0,486.0,478.0,486.0,450.0,479.0,5.0,476.0,485.0,,472.0,486.0,,59.0,,,,448.0,486.0,486.0,48.0,,84.0,444.0,485.0,,,,457.0,,,467.0,486.0,,142.0,461.0,478.0,75.0,477.0,,,485.0,471.0,475.0,485.0,472.0,472.0,486.0,465.0,,482.0,476.0,486.0,559.0,479.0,,,474.0,486.0,478.0,,,486.0,51.0,485.0,481.0,475.0,486.0,,,467.0,486.0,0.0,486.0,137.0,331.0,,426.0,,484.0,,372.0,,482.0,,,469.0
109.0,,142.0,23.0,,21.0,1.0,84.0,1.0,,,,13.0,,,117.0,,,1.0,53.0,,,0.0,,,0.0,,,,,20.0,,19.0,,,52.0,272.0,,,18.0,,106.0,,1.0,,30.0,0.0,,0.0,,17.0,7.0,,,,23.0,0.0,,97.0,,,,59.0,0.0,0.0,76.0,,143.0,74.0,1.0,,,,,,,24.0,0.0,,,,,116.0,17.0,,,3.0,,,,23.0,24.0,0.0,,,,17.0,0.0,100.0,18.0,,,,0.0,,,,0.0,87.0,1.0,16.0,16.0,0.0,,,,0.0,,0.0,199.0,201.0,,86.0,,,,,,,,,
111.0,,84.0,181.0,,178.0,199.0,,199.0,,,,195.0,,,47.0,,,199.0,149.0,,,199.0,,,199.0,,,,,184.0,,189.0,,,155.0,67.0,,,189.0,,,,199.0,,164.0,,,,,190.0,3.0,,,,178.0,199.0,,42.0,,,,145.0,199.0,199.0,37.0,,,146.0,199.0,,,,,,,169.0,199.0,,,,,34.0,188.0,,,198.0,,,,177.0,174.0,199.0,,,,186.0,,,189.0,,,,200.0,,,,,,199.0,189.0,184.0,,,,,,,,0.0,13.0,,134.0,,,,,,,,,
114.0,,75.0,184.0,,184.0,200.0,,200.0,,,,196.0,,,13.0,,,200.0,163.0,,,201.0,,,201.0,,,,,187.0,,190.0,,,167.0,23.0,,,191.0,,,,200.0,,178.0,,,,,191.0,0.0,,,,183.0,201.0,,12.0,,,,157.0,201.0,201.0,11.0,,,147.0,200.0,,,,,,,182.0,201.0,,,,,,190.0,,,199.0,,,,183.0,181.0,201.0,,,,189.0,,,190.0,,,,202.0,,,,,,200.0,191.0,188.0,,,,,,,,,0.0,,132.0,,,,,,,,,
98.0,46.0,126.0,49.0,53.0,46.0,55.0,71.0,55.0,66.0,,79.0,49.0,71.0,,97.0,64.0,41.0,55.0,73.0,54.0,,56.0,622.0,,56.0,,41.0,90.0,68.0,47.0,344.0,41.0,,65.0,76.0,249.0,94.0,69.0,41.0,47.0,87.0,79.0,55.0,32.0,54.0,56.0,41.0,56.0,74.0,42.0,6.0,42.0,55.0,61.0,46.0,56.0,,83.0,87.0,,,79.0,56.0,56.0,64.0,,121.0,93.0,55.0,,90.0,64.0,61.0,96.0,88.0,48.0,56.0,,350.0,57.0,42.0,94.0,40.0,,93.0,55.0,48.0,44.0,55.0,45.0,46.0,56.0,56.0,,50.0,41.0,56.0,156.0,40.0,,,46.0,56.0,40.0,,88.0,56.0,72.0,55.0,43.0,42.0,56.0,32.0,91.0,51.0,56.0,482.0,56.0,177.0,168.0,0.0,94.0,,53.0,,107.0,91.0,51.0,63.0,466.0,48.0
,,,66.0,,66.0,85.0,,85.0,,,,81.0,,,68.0,,,85.0,38.0,,,86.0,,,86.0,,,,,70.0,,74.0,,,40.0,205.0,,,75.0,,,,85.0,,57.0,,,,,75.0,4.0,,,,66.0,86.0,,52.0,,,,28.0,86.0,86.0,38.0,,,17.0,85.0,,,,,,,63.0,86.0,,,,,,73.0,,,84.0,,,,67.0,65.0,86.0,,,,72.0,,,74.0,,,,87.0,,,,,,85.0,75.0,72.0,,,,,,,,,,,0.0,,,,,,,,,
112.0,37.0,143.0,36.0,45.0,34.0,47.0,76.0,47.0,52.0,83.0,78.0,41.0,68.0,56.0,101.0,42.0,33.0,47.0,62.0,38.0,61.0,48.0,630.0,57.0,48.0,66.0,33.0,81.0,62.0,37.0,344.0,33.0,87.0,51.0,61.0,252.0,86.0,63.0,33.0,31.0,94.0,81.0,47.0,60.0,40.0,48.0,33.0,48.0,64.0,34.0,6.0,33.0,47.0,43.0,36.0,48.0,63.0,84.0,80.0,54.0,,69.0,48.0,48.0,66.0,88.0,129.0,82.0,47.0,85.0,82.0,58.0,47.0,87.0,80.0,33.0,48.0,57.0,360.0,42.0,34.0,99.0,32.0,70.0,86.0,47.0,35.0,34.0,47.0,36.0,32.0,48.0,40.0,63.0,42.0,33.0,48.0,148.0,32.0,53.0,,35.0,48.0,32.0,,79.0,48.0,75.0,47.0,35.0,33.0,48.0,58.0,83.0,34.0,48.0,490.0,48.0,176.0,176.0,72.0,92.0,0.0,45.0,84.0,105.0,81.0,43.0,55.0,469.0,32.0
106.0,,138.0,21.0,,19.0,3.0,81.0,3.0,,,,9.0,,,114.0,,,3.0,51.0,,,4.0,,,4.0,,,,,19.0,,14.0,,,50.0,269.0,,,13.0,,102.0,,3.0,,28.0,4.0,,4.0,,12.0,6.0,,1.0,,19.0,4.0,,94.0,,,,56.0,4.0,4.0,75.0,,140.0,71.0,3.0,,,,,,,22.0,4.0,,,,,113.0,13.0,,,1.0,,,3.0,20.0,21.0,4.0,,,,13.0,5.0,104.0,13.0,,,,5.0,,,,4.0,84.0,3.0,11.0,14.0,4.0,,,,4.0,,4.0,197.0,199.0,,83.0,,0.0,,,,,,,
101.0,49.0,129.0,43.0,45.0,41.0,39.0,72.0,39.0,78.0,19.0,64.0,51.0,51.0,77.0,106.0,71.0,52.0,39.0,44.0,43.0,77.0,38.0,631.0,73.0,38.0,87.0,54.0,23.0,77.0,42.0,331.0,52.0,,77.0,43.0,254.0,63.0,78.0,52.0,43.0,97.0,85.0,39.0,81.0,39.0,38.0,48.0,38.0,46.0,51.0,6.0,48.0,41.0,72.0,43.0,38.0,,84.0,61.0,,,50.0,38.0,38.0,67.0,,130.0,66.0,39.0,,59.0,71.0,40.0,31.0,59.0,42.0,38.0,,342.0,42.0,51.0,104.0,50.0,96.0,32.0,41.0,44.0,44.0,39.0,44.0,45.0,38.0,45.0,78.0,42.0,48.0,39.0,137.0,51.0,,,43.0,39.0,49.0,,23.0,38.0,71.0,39.0,53.0,45.0,38.0,81.0,60.0,43.0,38.0,483.0,38.0,174.0,181.0,92.0,77.0,,43.0,0.0,92.0,62.0,43.0,72.0,475.0,44.0
71.0,94.0,96.0,83.0,100.0,83.0,102.0,24.0,102.0,,,39.0,97.0,51.0,,50.0,,91.0,102.0,62.0,75.0,,103.0,,,103.0,,91.0,,,86.0,,90.0,,,64.0,158.0,,,91.0,80.0,44.0,,102.0,,77.0,103.0,87.0,103.0,57.0,91.0,3.0,87.0,101.0,,84.0,103.0,,43.0,,,,53.0,103.0,103.0,33.0,,71.0,42.0,102.0,,,,65.0,,,81.0,103.0,,,71.0,90.0,52.0,90.0,,,101.0,83.0,85.0,102.0,85.0,83.0,103.0,76.0,,97.0,89.0,104.0,203.0,90.0,,,84.0,104.0,88.0,,,103.0,26.0,102.0,92.0,89.0,103.0,,,81.0,103.0,,103.0,100.0,102.0,,51.0,,100.0,,0.0,,98.0,,,81.0
89.0,47.0,120.0,46.0,41.0,44.0,35.0,70.0,35.0,,,63.0,48.0,54.0,,103.0,,51.0,35.0,50.0,42.0,,36.0,636.0,,36.0,,52.0,,73.0,46.0,326.0,52.0,,,54.0,253.0,21.0,74.0,51.0,46.0,91.0,88.0,35.0,,52.0,36.0,51.0,36.0,54.0,50.0,6.0,51.0,37.0,,46.0,36.0,,84.0,,,,54.0,36.0,36.0,66.0,,131.0,64.0,35.0,,3.0,,49.0,,,48.0,36.0,,334.0,45.0,52.0,105.0,50.0,,,37.0,47.0,49.0,35.0,47.0,48.0,36.0,47.0,,40.0,50.0,37.0,135.0,51.0,,,47.0,37.0,52.0,,,36.0,77.0,35.0,51.0,48.0,36.0,,18.0,48.0,36.0,471.0,36.0,186.0,180.0,,67.0,,39.0,,93.0,0.0,40.0,,469.0,47.0
104.0,,136.0,20.0,1.0,18.0,4.0,80.0,4.0,,,,9.0,,,112.0,,,4.0,50.0,,,5.0,,,5.0,,,,,18.0,,13.0,,,49.0,267.0,,,12.0,,100.0,,4.0,,27.0,5.0,,5.0,,11.0,6.0,,3.0,,18.0,5.0,,92.0,,,,55.0,5.0,5.0,73.0,,138.0,70.0,4.0,,,,,,,21.0,5.0,,,,,112.0,12.0,,,3.0,,,4.0,18.0,20.0,5.0,,,,12.0,6.0,105.0,12.0,,,,6.0,,,,5.0,83.0,4.0,10.0,12.0,5.0,,,,5.0,,5.0,195.0,198.0,,81.0,,2.0,,,,0.0,,,
83.0,30.0,116.0,29.0,36.0,27.0,38.0,67.0,38.0,,,53.0,34.0,48.0,,103.0,,26.0,38.0,53.0,35.0,,39.0,629.0,,39.0,,26.0,,7.0,27.0,317.0,26.0,,,56.0,257.0,75.0,8.0,26.0,28.0,97.0,80.0,38.0,53.0,36.0,39.0,26.0,39.0,48.0,25.0,6.0,27.0,36.0,,29.0,39.0,,84.0,,,,48.0,39.0,39.0,68.0,,130.0,47.0,38.0,,67.0,3.0,37.0,,,30.0,39.0,,342.0,35.0,25.0,102.0,25.0,,,36.0,27.0,28.0,38.0,30.0,33.0,39.0,39.0,,32.0,23.0,39.0,139.0,25.0,,,26.0,39.0,25.0,,,39.0,69.0,38.0,26.0,22.0,39.0,53.0,72.0,32.0,39.0,475.0,39.0,182.0,176.0,,57.0,,34.0,,77.0,68.0,33.0,0.0,468.0,29.0
403.0,478.0,357.0,471.0,481.0,468.0,483.0,39.0,483.0,,,418.0,478.0,436.0,,53.0,,477.0,483.0,452.0,461.0,,483.0,,,483.0,,476.0,,,472.0,151.0,476.0,,,458.0,155.0,,,477.0,468.0,48.0,,483.0,,463.0,483.0,475.0,483.0,449.0,477.0,1.0,473.0,482.0,,469.0,483.0,,47.0,,,,448.0,483.0,483.0,39.0,,69.0,443.0,483.0,,,,458.0,,,466.0,483.0,,143.0,460.0,476.0,62.0,474.0,,,482.0,469.0,473.0,483.0,471.0,469.0,483.0,464.0,,479.0,474.0,483.0,558.0,476.0,,,472.0,483.0,475.0,,,483.0,40.0,483.0,477.0,474.0,483.0,,,465.0,483.0,201.0,483.0,106.0,288.0,,425.0,,481.0,,369.0,,479.0,,0.0,467.0
88.0,15.0,119.0,4.0,20.0,3.0,22.0,64.0,22.0,,,,20.0,,,94.0,,12.0,22.0,30.0,,,23.0,,,23.0,,12.0,,,9.0,,12.0,,,30.0,247.0,,,12.0,0.0,87.0,,22.0,,8.0,23.0,9.0,23.0,,12.0,6.0,8.0,21.0,,3.0,23.0,,79.0,,,,39.0,23.0,23.0,62.0,,122.0,51.0,22.0,,,,,,,3.0,23.0,,,,11.0,96.0,11.0,,,21.0,2.0,6.0,22.0,3.0,1.0,23.0,,,19.0,10.0,24.0,123.0,11.0,,,5.0,24.0,10.0,,,23.0,64.0,22.0,13.0,10.0,23.0,,,,23.0,,23.0,174.0,182.0,,63.0,,21.0,,,,20.0,,,0.0
