gene size,replicate,genomes gt,genomes base,genomes inf,core gt,core inf,core sd,runtime
25,1,12,3,14,25,1,24,0.017984709000302246
25,2,59,2,59,25,3,22,0.2625505100004375
25,3,14,3,15,25,7,18,0.023000227000011364
25,4,48,8,40,25,1,24,0.03201058600097895
25,5,43,5,36,25,2,23,0.07463224899947818
50,1,34,2,34,50,50,0,0.5436397240009683
50,2,46,5,43,50,3,47,0.48767607099944144
50,3,56,2,56,50,50,0,1.3946890990009706
50,4,28,3,28,50,2,48,0.1764014149994182
50,5,63,2,63,50,50,0,1.7158068969984015
75,1,63,2,63,75,75,0,5.029411255000014
75,2,41,3,44,75,0,75,2.0585677690014563
75,3,3,2,3,75,75,0,0.04162244299914164
75,4,58,2,58,75,14,61,3.536569853000401
75,5,13,4,14,75,4,71,0.22633691699957126
100,1,21,2,21,100,93,7,1.2642152090011223
100,2,35,2,37,100,1,99,2.0535791740003333
100,3,39,2,44,100,2,98,2.4283937829986826
100,4,64,2,64,100,16,84,3.889552314998582
100,5,52,9,53,100,3,97,2.8439652960005333
125,1,60,9,63,125,8,117,5.921738486000322
125,2,32,3,34,125,4,121,2.1344570749988634
125,3,36,2,36,125,94,31,3.325206610999885
125,4,10,4,11,125,25,100,0.2938269760015828
125,5,36,2,41,125,1,124,3.4705586189993483
150,1,15,2,16,150,3,147,1.0819155929984845
150,2,15,2,17,150,1,149,1.0172937369989086
150,3,57,8,60,150,2,148,6.289873654000985
150,4,41,3,43,150,2,148,6.599159387000327
150,5,20,5,23,150,0,150,1.6052391770008398
175,1,2,2,2,175,175,0,0.051770432999546756
175,2,24,2,26,175,7,168,3.268936589000077
175,3,57,2,72,175,1,174,16.20823509100046
175,4,45,2,45,175,175,0,11.597097485999257
175,5,8,3,9,175,9,166,0.5277404750013375
200,1,57,2,57,200,200,0,23.751792297000065
200,2,22,2,25,200,1,199,3.652336199000274
200,3,35,3,37,200,0,200,8.055436647000533
200,4,17,3,18,200,3,197,2.3988975989996106
200,5,33,2,33,200,200,0,9.53356376100055
225,1,23,2,24,225,9,216,5.163234117999309
225,2,10,2,12,225,1,224,1.3201955019994784
225,3,7,2,7,225,225,0,0.7667670009996073
225,4,55,3,62,225,1,224,21.639477577000434
225,5,26,6,30,225,1,224,4.853779119999672
250,1,17,2,18,250,4,246,4.059853901000679
250,2,40,4,42,250,6,244,17.841140872000324
250,3,40,2,40,250,231,19,18.489392695999413
250,4,33,3,34,250,9,241,12.684742311999798
250,5,57,2,59,250,3,247,32.28883919100008
275,1,5,4,6,275,17,258,0.5808476830006839
275,2,58,4,58,275,195,80,41.018393113001366
275,3,60,2,63,275,5,270,49.65134470199882
275,4,57,2,57,275,275,0,44.6714386120002
275,5,68,4,72,275,2,273,55.13857726800052
300,1,49,10,55,300,39,261,27.27564649099986
300,2,66,2,66,300,300,0,69.80285750500116
300,3,58,3,69,300,1,299,48.163774348000516
300,4,31,2,32,300,7,293,16.884974246999263
300,5,65,2,65,300,300,0,67.75301564199981
325,1,17,2,20,325,1,324,6.7261154419993545
325,2,9,6,12,325,3,322,1.847191770999416
325,3,67,3,73,325,0,325,62.56404190899957
325,4,51,2,56,325,1,324,49.552943087999665
325,5,34,3,38,325,5,320,21.437188834001063
350,1,41,2,46,350,4,346,35.279399071001535
350,2,4,2,4,350,350,0,0.7437558049987274
350,3,65,5,76,350,1,349,70.90231809000034
350,4,18,2,23,350,1,349,8.481982172999778
350,5,30,2,40,350,0,350,21.48812221300068
375,1,32,2,32,375,375,0,28.53530906299966
375,2,6,4,8,375,8,367,1.4396753159999207
375,3,54,2,54,375,375,0,75.28040356800011
375,4,63,4,65,375,5,370,71.78748051700131
375,5,42,2,47,375,1,374,45.978945730001215
400,1,29,2,36,400,1,399,26.430537369000376
400,2,45,2,48,400,2,398,61.16456225600086
400,3,3,2,4,400,3,397,0.6341931499991915
400,4,48,2,48,400,400,0,69.28250403099992
400,5,54,2,58,400,3,397,81.2633985880002
425,1,35,3,38,425,1,424,42.09155462600029
425,2,14,2,15,425,10,415,8.400950825998734
425,3,29,2,29,425,425,0,30.72994616899996
425,4,3,3,3,425,423,2,0.6362682500002848
425,5,57,2,70,425,1,424,102.87676294199991
450,1,35,4,38,450,4,446,43.4038068739992
450,2,13,3,15,450,4,446,8.017702410999846
450,3,8,3,9,450,55,395,2.8522647240006336
450,4,7,6,11,450,3,447,2.284174651000285
450,5,65,3,81,450,1,449,140.59447089499918
475,1,44,2,44,475,475,0,82.81281426700116
475,2,12,2,12,475,474,1,8.218863993999548
475,3,46,2,49,475,6,469,85.36764695400052
475,4,63,3,70,475,1,474,155.41353052900013
475,5,15,3,16,475,5,470,11.152531633000763
500,1,52,2,55,500,6,494,112.75490054700094
500,2,67,3,73,500,2,498,198.79853581600037
500,3,22,2,23,500,3,497,26.380293636000715
500,4,37,5,39,500,13,487,58.07701203799843
500,5,19,2,19,500,500,0,20.30085134500041
525,1,26,4,28,525,6,519,35.170767925999826
525,2,47,2,56,525,1,524,109.60213469399969
525,3,18,2,19,525,5,520,20.409040201999233
525,4,16,14,20,525,6,519,12.259468661999563
525,5,32,2,33,525,18,507,55.63043825500063
550,1,61,2,72,550,2,548,198.66933207900001
550,2,46,2,53,550,1,549,121.75056192100055
550,3,70,2,75,550,2,548,262.48189653900045
550,4,19,2,20,550,12,538,24.077635279998503
550,5,62,2,63,550,32,518,219.67485906000002
575,1,47,2,52,575,3,572,192.47247584399884
575,2,11,3,13,575,13,562,14.570057504999568
575,3,36,2,44,575,1,574,155.94446864999918
575,4,24,3,29,575,1,574,82.48304607200043
575,5,18,2,21,575,6,569,26.410795654999674
600,1,62,2,69,600,1,599,271.6155345349998
600,2,4,2,4,600,597,3,2.8150713739996718
600,3,60,2,60,600,544,56,243.72929998600011
600,4,37,2,37,600,600,0,102.38903233100064
600,5,11,2,11,600,600,0,12.004417806001584
625,1,27,2,31,625,1,624,60.09801508500095
625,2,12,4,15,625,1,624,11.089734903000135
625,3,7,2,8,625,3,622,6.184833503000846
625,4,36,3,42,625,1,624,98.67366475100062
625,5,3,5,5,625,1,624,0.8052454059998126
650,1,20,3,22,650,6,644,35.48925576699912
650,2,13,11,19,650,187,463,14.599399597000229
650,3,53,2,62,650,1,649,241.65557550800077
650,4,65,3,76,650,2,648,271.71121997999944
650,5,51,2,51,650,650,0,216.01247405699905
675,1,45,2,45,675,650,25,183.51166535599987
675,2,21,2,23,675,6,669,44.79330285499964
675,3,54,3,68,675,1,674,239.9536802019993
675,4,61,3,71,675,1,674,315.9572045160003
675,5,62,2,62,675,675,0,393.3923511060002
700,1,59,12,65,700,3,697,243.263579905999
700,2,13,5,15,700,3,697,16.6398957349993
700,3,69,2,69,700,700,0,470.81178786499913
700,4,12,2,14,700,1,699,18.30860752999979
700,5,38,3,43,700,5,695,132.294109036
725,1,26,3,30,725,2,723,103.31285755399949
725,2,40,2,51,725,1,724,228.8676921510014
725,3,34,3,39,725,1,724,167.50625696899806
725,4,44,6,54,725,1,724,174.9081451100028
725,5,66,2,79,725,1,724,394.01873207099925
750,1,17,2,20,750,1,749,36.862669874997664
750,2,35,3,42,750,1,749,127.790857289001
750,3,4,2,4,750,750,0,3.466179146998911
750,4,62,3,66,750,1,749,367.28429111900186
750,5,3,2,3,750,750,0,2.2308612940032617
775,1,48,5,55,775,0,775,200.54739169300228
775,2,19,4,21,775,5,770,38.42626749200281
775,3,32,3,34,775,4,771,96.63014238500182
775,4,46,2,54,775,1,774,233.43042429100024
775,5,17,2,18,775,29,746,39.686539139998786
800,1,60,2,65,800,1,799,407.01531284799785
800,2,26,3,33,800,1,799,77.15171070799988
800,3,67,4,78,800,1,799,447.28257844100153
800,4,17,6,20,800,3,797,37.392529551001644
800,5,46,2,54,800,1,799,243.6917262729985
825,1,38,3,44,825,1,824,185.44606917200144
825,2,62,2,62,825,825,0,488.1417708789995
825,3,20,5,24,825,1,824,46.88431929500075
825,4,64,2,64,825,825,0,521.9555573500002
825,5,52,2,52,825,799,26,343.6275068970026
850,1,68,2,78,850,1,849,664.3220710349997
850,2,41,3,49,850,1,849,222.0932293629994
850,3,38,2,42,850,2,848,199.3973903240003
850,4,49,2,59,850,1,849,312.16728076399886
850,5,27,2,30,850,2,848,103.26878900500014
875,1,3,2,3,875,875,0,2.98664717399879
875,2,11,2,11,875,875,0,23.622733440999582
875,3,50,2,59,875,1,874,358.39458517599996
875,4,69,2,69,875,838,37,674.438176478001
875,5,67,2,67,875,858,17,638.043438163997
900,1,8,2,9,900,4,896,15.650187988001562
900,2,8,2,8,900,899,1,15.424003811000148
900,3,53,3,61,900,2,898,409.72494478000226
900,4,24,2,24,900,892,8,96.78026810499796
900,5,41,2,49,900,1,899,259.2861352639993
925,1,11,2,11,925,925,0,27.591127439001866
925,2,23,4,26,925,1,924,82.36251122600152
925,3,35,2,35,925,912,13,205.70626743699904
925,4,28,3,30,925,5,920,117.08058097200046
925,5,33,2,33,925,925,0,186.5402656280021
950,1,15,2,15,950,949,1,48.72112958000071
950,2,15,2,15,950,947,3,48.51943722099895
950,3,41,3,45,950,2,948,242.58318271499957
950,4,20,2,21,950,16,934,79.47820712699831
950,5,54,2,69,950,1,949,485.49968114100193
975,1,47,3,55,975,1,974,383.6734008099993
975,2,22,3,24,975,4,971,95.72379227700003
975,3,20,2,21,975,31,944,82.11428846199851
975,4,19,3,23,975,1,974,61.547881389000395
975,5,25,2,25,975,975,0,125.88145498599988
1000,1,24,8,30,1000,3,997,93.43499965099909
1000,2,2,8,8,1000,0,1000,0.827414522998879
1000,3,55,3,65,1000,1,999,540.0799761950002
1000,4,38,2,42,1000,1,999,277.63391400699766
1000,5,2,15,15,1000,0,1000,1.0090040719987883
