gene size,replicate,genomes gt,genomes inf,runtime_phases_1-3,runtime_phase_4,total_runtime,alpha,gamma
50,1,19,6,0.02326880100008566,1.9900471670553088e-07,0.023269000004802365,0.25,1.0
50,1,37,15,0.21240219799801707,3.2500247471034527e-07,0.21240252300049178,0.5,1.0
50,1,7,1,0.006993397997575812,4.0500162867829204e-07,0.00699380299920449,1.0,1.0
50,1,63,1,0.016812333000416402,1.9499566406011581e-07,0.016812527996080462,1.0,0.5
50,1,63,1,0.01389983799890615,1.7699494492262602e-07,0.013900014993851073,1.0,0.25
50,2,51,1,0.007929731997137424,1.6199919627979398e-07,0.007929893996333703,0.25,1.0
50,2,14,5,0.05353363100584829,4.949979484081268e-07,0.0535341260037967,0.5,1.0
50,2,25,16,0.08071020799980033,1.849984982982278e-07,0.08071039299829863,1.0,1.0
50,2,54,7,0.03187874200375518,1.539956429041922e-07,0.03187889599939808,1.0,0.5
50,2,30,20,0.26360958199802553,1.9199796952307224e-07,0.26360977399599506,1.0,0.25
50,3,66,1,0.01206955499947071,1.809967216104269e-07,0.012069735996192321,0.25,1.0
50,3,41,30,0.9040163590034354,2.2099993657320738e-07,0.9040165800033719,0.5,1.0
50,3,15,12,0.1047461909984122,3.57002136297524e-07,0.1047465480005485,1.0,1.0
50,3,23,2,0.009200770000461489,1.590015017427504e-07,0.009200929001963232,1.0,0.5
50,3,28,6,0.028613189002498984,1.9800063455477357e-07,0.02861338700313354,1.0,0.25
50,4,23,15,0.16656784000224434,1.7899583326652646e-07,0.1665680189980776,0.25,1.0
50,4,11,9,0.06494470500183525,1.9100116332992911e-07,0.06494489600299858,0.5,1.0
50,4,70,11,0.07406499000353506,2.2900348994880915e-07,0.07406521900702501,1.0,1.0
50,4,44,37,0.7665959799996926,1.7000274965539575e-07,0.7665961500024423,1.0,0.5
50,4,61,7,0.03829925000172807,1.9599974621087313e-07,0.03829944600147428,1.0,0.25
50,5,45,20,0.3116491029941244,5.320034688338637e-07,0.31164963499759324,0.25,1.0
50,5,41,29,0.45524980399932247,1.9000435713678598e-07,0.4552499940036796,0.5,1.0
50,5,62,21,0.2631136889976915,1.9500294001773e-07,0.2631138840006315,1.0,1.0
50,5,21,10,0.07423254800232826,2.079978003166616e-07,0.07423275600012857,1.0,0.5
50,5,54,6,0.03564880599878961,1.6999547369778156e-07,0.03564897599426331,1.0,0.25
100,1,66,44,5.01972411499446,2.360029611736536e-07,5.019724350997421,0.25,1.0
100,1,4,6,0.1426761870025075,2.079978003166616e-07,0.14267639500030782,0.5,1.0
100,1,55,40,4.443662851997942,1.7399725038558245e-07,4.443663025995193,1.0,1.0
100,1,36,30,2.831494988000486,1.9599974621087313e-07,2.8314951840002323,1.0,0.5
100,1,8,4,0.03460106800048379,3.210006980225444e-07,0.034601389001181815,1.0,0.25
100,2,46,3,0.03288982499361737,1.9300205167382956e-07,0.03289001799566904,0.25,1.0
100,2,7,6,0.12188548200356308,1.66997779160738e-07,0.12188564900134224,0.5,1.0
100,2,23,2,0.019543807000445668,1.2999953469261527e-07,0.01954393699998036,1.0,1.0
100,2,24,13,0.1490081599986297,1.6999547369778156e-07,0.1490083299941034,1.0,0.5
100,2,63,5,0.09373783599585295,1.579974195919931e-07,0.09373799399327254,1.0,0.25
100,3,60,15,0.39652238900453085,1.9599974621087313e-07,0.39652258500427706,0.25,1.0
100,3,56,1,0.021361780003644526,1.71996362041682e-07,0.021361952000006568,0.5,1.0
100,3,67,8,0.13340068200341193,1.6100239008665085e-07,0.13340084300580202,1.0,1.0
100,3,68,20,0.6604602470033569,1.8699938664212823e-07,0.6604604340027436,1.0,0.5
100,3,66,5,0.12515628500113962,2.129963831976056e-07,0.12515649799752282,1.0,0.25
100,4,38,1,0.021658395999111235,2.00001522898674e-07,0.021658596000634134,0.25,1.0
100,4,42,34,2.6495027670025593,1.8800346879288554e-07,2.649502955006028,0.5,1.0
100,4,24,1,0.013130209998053033,1.849984982982278e-07,0.013130394996551331,1.0,1.0
100,4,6,7,0.11478471699956572,1.8500577425584197e-07,0.11478490200533997,1.0,0.5
100,4,40,28,0.57378128599521,2.040032995864749e-07,0.5737814899985096,1.0,0.25
100,5,12,6,0.07161512200400466,1.6600097296759486e-07,0.07161528800497763,0.25,1.0
100,5,19,4,0.04436711899325019,2.7900387067347765e-07,0.04436739799712086,0.5,1.0
100,5,47,9,0.12332852800318506,1.5099794836714864e-07,0.12332867900113342,1.0,1.0
100,5,27,1,0.014709250004671048,1.4399847714230418e-07,0.01470939400314819,1.0,0.5
100,5,28,3,0.022471625998150557,1.8699938664212823e-07,0.0224718129975372,1.0,0.25
150,1,10,2,0.03983357999823056,3.489985829219222e-07,0.039833928996813484,0.25,1.0
150,1,59,51,15.450107507000212,2.1799496607854962e-07,15.450107724995178,0.5,1.0
150,1,17,18,1.6436129479989177,1.8200080376118422e-07,1.6436131299997214,1.0,1.0
150,1,23,7,0.2123509090015432,4.479952622205019e-07,0.2123513569968054,1.0,0.5
150,1,27,6,0.1718083400046453,1.8799619283527136e-07,0.17180852800083812,1.0,0.25
150,2,45,1,0.032968546998745296,1.7800630303099751e-07,0.03296872500504833,0.25,1.0
150,2,3,1,0.01683213299838826,1.9100116332992911e-07,0.01683232399955159,0.5,1.0
150,2,26,9,0.24518321200594073,2.309971023350954e-07,0.24518344300304307,1.0,1.0
150,2,65,6,0.1183785879984498,1.7099955584853888e-07,0.11837875899800565,1.0,0.5
150,2,26,5,0.11717335000139428,1.7999991541728377e-07,0.1171735300013097,1.0,0.25
150,3,26,8,0.1769596649974119,1.7799902707338333e-07,0.17695984299643897,0.25,1.0
150,3,19,4,0.16253207800036762,2.180022420361638e-07,0.16253229600260966,0.5,1.0
150,3,55,2,0.055573137004103046,1.5499972505494952e-07,0.0555732920038281,1.0,1.0
150,3,5,6,0.08622260299307527,1.3300450518727303e-07,0.08622273599758046,1.0,0.5
150,3,14,14,0.6736979959969176,3.169989213347435e-07,0.6736983129958389,1.0,0.25
150,4,33,10,0.5838039400041453,1.9199796952307224e-07,0.5838041320021148,0.25,1.0
150,4,63,4,0.13771876099781366,1.8900027498602867e-07,0.13771894999808865,0.5,1.0
150,4,4,1,0.014325804993859492,1.4300167094916105e-07,0.014325947995530441,1.0,1.0
150,4,6,9,4.733338833000744,3.019958967342973e-07,4.7333391349966405,1.0,0.5
150,4,19,1,0.01939850799681153,1.4800025383010507e-07,0.01939865599706536,1.0,0.25
150,5,47,4,0.11758718800410861,1.7699494492262602e-07,0.11758736499905353,0.25,1.0
150,5,69,5,0.20391823800309794,1.9100116332992911e-07,0.20391842900426127,0.5,1.0
150,5,65,5,0.1003984550043242,1.7999991541728377e-07,0.10039863500423962,1.0,1.0
150,5,69,12,0.37181889199564466,3.3400283427909017e-07,0.37181922599847894,1.0,0.5
150,5,11,4,0.0863058179966174,4.770045052282512e-07,0.08630629500112263,1.0,0.25
200,1,51,3,0.11342484300257638,1.5700061339884996e-07,0.11342500000318978,0.25,1.0
200,1,19,3,0.08361241599777713,1.630032784305513e-07,0.08361257900105556,0.5,1.0
200,1,35,2,0.0631583260037587,1.5999830793589354e-07,0.06315848600206664,1.0,1.0
200,1,30,6,0.17517206300544785,1.9399885786697268e-07,0.17517225700430572,1.0,0.5
200,1,57,8,0.37425887999415863,1.6900594346225262e-07,0.3742590490001021,1.0,0.25
200,2,11,3,0.09658472300361609,3.0099909054115415e-07,0.09658502400270663,0.25,1.0
200,2,46,6,0.2437683210009709,1.9299477571621537e-07,0.24376851399574662,0.5,1.0
200,2,35,5,0.14291652999963844,1.66997779160738e-07,0.1429166969974176,1.0,1.0
200,2,43,4,0.1557897739985492,2.00001522898674e-07,0.1557899740000721,1.0,0.5
200,2,2,2,0.04671068199968431,4.6499917516484857e-07,0.046711146998859476,1.0,0.25
200,3,17,5,0.20857014499779325,2.00001522898674e-07,0.20857034499931615,0.25,1.0
200,3,49,5,0.2779886530042859,2.2399763111025095e-07,0.277988877001917,0.5,1.0
200,3,58,5,0.22454284400009783,2.2400490706786513e-07,0.2245430680050049,1.0,1.0
200,3,9,2,0.051457831999869086,4.070025170221925e-07,0.05145823900238611,1.0,0.5
200,3,53,1,0.04022118600551039,2.0999868866056204e-07,0.04022139600419905,1.0,0.25
200,4,70,42,4.412230016001558,2.180022420361638e-07,4.4122302340038,0.25,1.0
200,4,57,11,1.0839423139987048,4.1000021155923605e-07,1.0839427239989163,0.5,1.0
200,4,13,2,0.05605393299629213,4.1100429370999336e-07,0.05605434400058584,1.0,1.0
200,4,59,5,0.20139946999552194,1.860025804489851e-07,0.2013996559981024,1.0,0.5
200,4,36,1,0.03444691800541477,2.1899904822930694e-07,0.034447137004463,1.0,0.25
200,5,54,21,2.3312301760015544,1.540029188618064e-07,2.331230330004473,0.25,1.0
200,5,46,1,0.03580378599872347,1.7799902707338333e-07,0.03580396399775054,0.5,1.0
200,5,67,1,0.040569557997514494,1.9399885786697268e-07,0.04056975199637236,1.0,1.0
200,5,3,3,0.1176794479979435,4.1799648897722363e-07,0.11767986599443248,1.0,0.5
200,5,27,1,0.04536349100089865,2.439992385916412e-07,0.04536373500013724,1.0,0.25
250,1,31,4,0.1587813689984614,2.3000029614195228e-07,0.15878159899875754,0.25,1.0
250,1,16,5,0.3120250020001549,1.809967216104269e-07,0.31202518299687654,0.5,1.0
250,1,13,2,0.06760474499606062,1.4200486475601792e-07,0.06760488700092537,1.0,1.0
250,1,70,1,0.0594542190010543,1.540029188618064e-07,0.05945437300397316,1.0,0.5
250,1,54,7,0.5713162280007964,1.9900471670553088e-07,0.5713164270055131,1.0,0.25
250,2,30,8,0.5354411130028893,1.629960024729371e-07,0.5354412759988918,0.25,1.0
250,2,35,3,0.10133655300160171,1.8100399756804109e-07,0.10133673400559928,0.5,1.0
250,2,56,4,0.17119256900332402,2.270026016049087e-07,0.17119279600592563,1.0,1.0
250,2,12,1,0.0334636799962027,1.8699938664212823e-07,0.03346386699558934,1.0,0.5
250,2,44,2,0.07878276200062828,1.9599974621087313e-07,0.07878295800037449,1.0,0.25
250,3,20,18,2.164558454998769,3.710010787472129e-07,2.1645588259998476,0.25,1.0
250,3,61,6,0.4721684560063295,2.169981598854065e-07,0.4721686730044894,0.5,1.0
250,3,49,1,0.05071129399584606,2.169981598854065e-07,0.05071151099400595,1.0,1.0
250,3,28,2,0.0669427690008888,1.9800063455477357e-07,0.06694296700152336,1.0,0.5
250,3,37,8,0.9245485930005088,1.5499972505494952e-07,0.9245487480002339,1.0,0.25
250,4,10,5,0.3312320879995241,3.349996404722333e-07,0.33123242299916456,0.25,1.0
250,4,61,2,0.09495846399659058,1.6500416677445173e-07,0.09495862900075736,0.5,1.0
250,4,39,4,0.3311881589979748,3.6499841371551156e-07,0.33118852399638854,1.0,1.0
250,4,64,5,0.3846867050015135,6.219997885636985e-07,0.38468732700130204,1.0,0.5
250,4,38,4,0.2311699639976723,1.9500294001773e-07,0.23117015900061233,1.0,0.25
250,5,21,4,0.21285371400153963,2.2400490706786513e-07,0.2128539380064467,0.25,1.0
250,5,37,1,0.044485425001767,2.039960236288607e-07,0.04448562899779063,0.5,1.0
250,5,29,13,1.3945798940039822,1.7799902707338333e-07,1.3945800720030093,1.0,1.0
250,5,40,4,0.12712930500129005,1.9699655240401626e-07,0.12712950199784245,1.0,0.5
250,5,30,4,0.29787020499497885,3.4600088838487864e-07,0.29787055099586723,1.0,0.25
300,1,61,21,9.563284250005381,1.9800063455477357e-07,9.563284448006016,0.25,1.0
300,1,22,3,0.2339817239990225,1.7099955584853888e-07,0.23398189499857835,0.5,1.0
300,1,8,1,0.05601095600286499,2.1400046534836292e-07,0.056011170003330335,1.0,1.0
300,1,65,3,0.15269761300442042,1.8799619283527136e-07,0.15269780100061325,1.0,0.5
300,1,35,20,3.1993093060009414,1.9300205167382956e-07,3.199309499002993,1.0,0.25
300,2,24,1,0.06957698100450216,2.979941200464964e-07,0.0695772789986222,0.25,1.0
300,2,23,8,0.8863011909998022,3.429959178902209e-07,0.8863015339957201,0.5,1.0
300,2,20,12,2.310162721994857,1.8800346879288554e-07,2.3101629099983256,1.0,1.0
300,2,46,19,3.7094878089992562,2.079978003166616e-07,3.7094880169970565,1.0,0.5
300,2,46,4,0.35146813900064444,2.0099832909181714e-07,0.35146833999897353,1.0,0.25
300,3,3,2,0.11541477600258077,3.449968062341213e-07,0.115415120999387,0.25,1.0
300,3,15,2,0.11530912500165869,1.9100116332992911e-07,0.11530931600282202,0.5,1.0
300,3,63,6,0.37609578300180146,2.1400046534836292e-07,0.3760959970022668,1.0,1.0
300,3,21,2,0.07848745599767426,1.8699938664212823e-07,0.0784876429970609,1.0,0.5
300,3,23,15,3.1489480269956402,2.3200118448585272e-07,3.1489482589968247,1.0,0.25
300,4,46,3,0.17206413199892268,1.989974407479167e-07,0.17206433099636342,0.25,1.0
300,4,11,1,0.051570581999840215,1.7999991541728377e-07,0.05157076199975563,0.5,1.0
300,4,45,3,0.2582929729978787,2.0100560504943132e-07,0.2582931740034837,1.0,1.0
300,4,42,1,0.06360606300586369,1.8799619283527136e-07,0.06360625100205652,1.0,0.5
300,4,63,1,0.0716831270037801,1.539956429041922e-07,0.071683280999423,1.0,0.25
300,5,36,2,0.11061985800188268,1.7399725038558245e-07,0.11062003199913306,0.25,1.0
300,5,55,8,0.6689359169977251,1.9699655240401626e-07,0.6689361139942775,0.5,1.0
300,5,40,2,0.0929140020016348,1.8799619283527136e-07,0.09291418999782763,1.0,1.0
300,5,20,1,0.05408782599988626,1.9699655240401626e-07,0.05408802299643867,1.0,0.5
300,5,57,2,0.11120995799865341,2.4800101527944207e-07,0.11121020599966869,1.0,0.25
350,1,11,1,0.07573634500295157,2.390006557106972e-07,0.07573658400360728,0.25,1.0
350,1,11,7,0.8904475730014383,5.219990271143615e-07,0.8904480950004654,0.5,1.0
350,1,28,1,0.0747913220038754,2.0599691197276115e-07,0.07479152800078737,1.0,1.0
350,1,69,1,0.09499664699978894,1.7000274965539575e-07,0.09499681700253859,1.0,0.5
350,1,15,2,0.21422266199806472,6.379996193572879e-07,0.21422329999768408,1.0,0.25
350,2,11,10,1.7545871330003138,3.4999538911506534e-07,1.7545874829957029,0.25,1.0
350,2,34,2,0.19544673400378088,1.449952833354473e-07,0.1954468789990642,0.5,1.0
350,2,65,2,0.1961171859948081,1.6400008462369442e-07,0.19611734999489272,1.0,1.0
350,2,29,18,3.463883332995465,2.580054569989443e-07,3.463883591000922,1.0,0.5
350,2,25,5,0.5204711650003446,1.9199796952307224e-07,0.5204713569983141,1.0,0.25
350,3,53,4,0.2739063510016422,2.1100277081131935e-07,0.273906562004413,0.25,1.0
350,3,21,1,0.066862776002381,1.9300205167382956e-07,0.06686296900443267,0.5,1.0
350,3,49,5,0.7649010300010559,2.0999868866056204e-07,0.7649012399997446,1.0,1.0
350,3,27,6,0.6706466329997056,2.0700099412351847e-07,0.6706468400006997,1.0,0.5
350,3,6,5,0.5270844459955697,3.860041033476591e-07,0.527084831999673,1.0,0.25
350,4,31,3,0.2474385089954012,3.180030034855008e-07,0.2474388269984047,0.25,1.0
350,4,64,3,0.20723462200112408,1.8699938664212823e-07,0.20723480900051072,0.5,1.0
350,4,18,1,0.09334922300331527,3.480017767287791e-07,0.093349571005092,1.0,1.0
350,4,19,1,0.07406548500148347,1.7999991541728377e-07,0.07406566500139888,1.0,0.5
350,4,46,6,0.5510115159995621,1.8100399756804109e-07,0.5510116970035597,1.0,0.25
350,5,60,2,0.1471940880001057,1.7400452634319663e-07,0.14719426200463204,0.25,1.0
350,5,46,10,2.2890709589992184,1.6100239008665085e-07,2.2890711200016085,0.5,1.0
350,5,5,5,0.4094114300023648,1.6199919627979398e-07,0.4094115920015611,1.0,1.0
350,5,3,2,0.14554925500124227,5.019974196329713e-07,0.1455497569986619,1.0,0.5
350,5,65,6,0.7425714750061161,2.0599691197276115e-07,0.7425716810030281,1.0,0.25
400,1,28,7,0.7779754020011751,1.7799902707338333e-07,0.7779755800002022,0.25,1.0
400,1,16,1,0.10157872799754841,3.8200232665985823e-07,0.10157910999987507,0.5,1.0
400,1,60,9,1.97740129900194,2.4199835024774075e-07,1.9774015410002903,1.0,1.0
400,1,57,4,0.6538482640025904,1.9300205167382956e-07,0.6538484570046421,1.0,0.5
400,1,9,2,0.19559759000549093,2.2399763111025095e-07,0.19559781400312204,1.0,0.25
400,2,61,4,0.6647316590024275,1.9100116332992911e-07,0.6647318500035908,0.25,1.0
400,2,6,7,0.947111743997084,5.100009730085731e-07,0.947112253998057,0.5,1.0
400,2,15,1,0.11902107599598821,3.3799733500927687e-07,0.11902141399332322,1.0,1.0
400,2,38,1,0.08878333599568577,2.310043782927096e-07,0.08878356700006407,1.0,0.5
400,2,50,2,0.17677527500200085,2.079978003166616e-07,0.17677548299980117,1.0,0.25
400,3,21,3,0.3621679869975196,2.270026016049087e-07,0.3621682140001212,0.25,1.0
400,3,36,15,7.754670715999964,2.1099549485370517e-07,7.754670926995459,0.5,1.0
400,3,66,15,3.5076373900010367,1.899970811791718e-07,3.507637579998118,1.0,1.0
400,3,27,1,0.09001925800112076,1.579974195919931e-07,0.09001941599854035,1.0,0.5
400,3,9,1,0.08692171999427956,1.7999991541728377e-07,0.08692189999419497,1.0,0.25
400,4,19,10,1.5627257259984617,2.5700137484818697e-07,1.5627259829998366,0.25,1.0
400,4,34,3,0.29015604800224537,1.9599974621087313e-07,0.2901562440019916,0.5,1.0
400,4,28,3,0.22960731999773998,1.7300044419243932e-07,0.22960749299818417,1.0,1.0
400,4,63,14,3.442120337000233,2.2299354895949364e-07,3.442120559993782,1.0,0.5
400,4,43,2,0.21158799400291173,1.9499566406011581e-07,0.2115881889985758,1.0,0.25
400,5,45,8,1.1787492180010304,1.860025804489851e-07,1.1787494040036108,0.25,1.0
400,5,66,5,0.8939782899979036,2.2000313038006425e-07,0.893978510001034,0.5,1.0
400,5,65,9,2.1570100690005347,4.869943950325251e-07,2.1570105559949297,1.0,1.0
400,5,41,16,2.93234315400332,2.1600135369226336e-07,2.9323433700046735,1.0,0.5
400,5,7,1,0.09579553799994756,3.1899980967864394e-07,0.09579585699975723,1.0,0.25
450,1,32,2,0.3923892689999775,3.8199505070224404e-07,0.3923896509950282,0.25,1.0
450,1,46,1,0.20693738000409212,4.539979272522032e-07,0.20693783400201937,0.5,1.0
450,1,46,1,0.12957426800130634,2.1999585442245007e-07,0.12957448799716076,1.0,1.0
450,1,44,1,0.11915984899678733,1.8900027498602867e-07,0.11916003799706232,1.0,0.5
450,1,13,1,0.12564309400477214,2.1400046534836292e-07,0.1256433080052375,1.0,0.25
450,2,64,3,0.4208389760024147,1.770022208802402e-07,0.4208391530046356,0.25,1.0
450,2,63,4,0.5527677290010615,1.8299760995432734e-07,0.5527679119986715,0.5,1.0
450,2,38,11,1.3049063139987993,1.5700061339884996e-07,1.3049064709994127,1.0,1.0
450,2,54,3,0.3029345439936151,1.8200080376118422e-07,0.30293472599441884,1.0,0.5
450,2,59,6,0.6933685120020527,1.9499566406011581e-07,0.6933687069977168,1.0,0.25
450,3,54,1,0.15424903399980394,1.590015017427504e-07,0.15424919300130568,0.25,1.0
450,3,34,14,4.599912845995277,2.040032995864749e-07,4.599913049998577,0.5,1.0
450,3,41,1,0.1834188200009521,2.0299921743571758e-07,0.18341902300016955,1.0,1.0
450,3,3,3,0.44561798500217265,3.4099502954632044e-07,0.4456183259972022,1.0,0.5
450,3,8,6,1.0293587499982095,2.410015440545976e-07,1.0293589909997536,1.0,0.25
450,4,36,7,1.555979782002396,2.2699532564729452e-07,1.5559800089977216,0.25,1.0
450,4,21,8,1.643974007005454,4.7299545258283615e-07,1.6439744800009066,0.5,1.0
450,4,30,2,0.281129287002841,1.7799902707338333e-07,0.2811294650018681,1.0,1.0
450,4,52,1,0.14789752600336215,1.4699617167934775e-07,0.14789767299953382,1.0,0.5
450,4,34,12,2.680078951001633,1.9399885786697268e-07,2.680079145000491,1.0,0.25
450,5,38,5,0.6890701080046711,3.7899735616520047e-07,0.6890704870020272,0.25,1.0
450,5,36,8,1.6391144230001373,1.7000274965539575e-07,1.639114593002887,0.5,1.0
450,5,19,1,0.11034129000472603,1.6199919627979398e-07,0.11034145200392231,1.0,1.0
450,5,65,1,0.13538716499897419,2.079978003166616e-07,0.1353873729967745,1.0,0.5
450,5,59,1,0.14474334500118857,2.529995981603861e-07,0.14474359800078673,1.0,0.25
500,1,61,1,0.15090942700044252,1.3899989426136017e-07,0.15090956600033678,0.25,1.0
500,1,29,2,0.42113297899777535,4.1400198824703693e-07,0.4211333929997636,0.5,1.0
500,1,53,1,0.1655441789989709,2.0099832909181714e-07,0.16554437999729998,1.0,1.0
500,1,22,4,0.6262311860045884,1.6199919627979398e-07,0.6262313480037847,1.0,0.5
500,1,35,1,0.23020019400428282,1.8299760995432734e-07,0.23020037700189278,1.0,0.25
500,2,52,2,0.3514893879982992,1.9400613382458687e-07,0.35148958200443303,0.25,1.0
500,2,18,2,0.32310673499887343,1.8800346879288554e-07,0.32310692300234223,0.5,1.0
500,2,39,7,1.4898505430028308,1.7900310922414064e-07,1.48985072200594,1.0,1.0
500,2,6,1,0.1252220899987151,1.449952833354473e-07,0.12522223499399843,1.0,0.5
500,2,3,3,0.4149055930029135,2.2900348994880915e-07,0.41490582200640347,1.0,0.25
500,3,21,1,0.1588832569977967,3.500026650726795e-07,0.15888360700046178,0.25,1.0
500,3,52,4,0.8633723680031835,1.399967004545033e-07,0.863372507999884,0.5,1.0
500,3,25,1,0.1585569669987308,3.1099625630304217e-07,0.1585572779949871,1.0,1.0
500,3,55,1,0.16407108699786477,1.6199919627979398e-07,0.16407124899706105,1.0,0.5
500,3,68,4,0.8164712510042591,1.539956429041922e-07,0.816471404999902,1.0,0.25
500,4,44,21,12.953650786002981,1.7999991541728377e-07,12.953650966002897,0.25,1.0
500,4,8,1,0.12412026200036053,2.0500010577961802e-07,0.1241204670004663,0.5,1.0
500,4,64,4,0.6110175349967903,1.9000435713678598e-07,0.6110177250011475,1.0,1.0
500,4,29,2,0.286673875998531,1.630032784305513e-07,0.28667403900180943,1.0,0.5
500,4,9,1,0.13615107600344345,3.440000000409782e-07,0.1361514200034435,1.0,0.25
500,5,20,8,1.4815259690003586,2.1100277081131935e-07,1.4815261800031294,0.25,1.0
500,5,49,3,0.5723357169990777,1.989974407479167e-07,0.5723359159965185,0.5,1.0
500,5,70,1,0.16090790800080867,3.0099909054115415e-07,0.16090820899989922,1.0,1.0
500,5,2,1,0.1372333869949216,1.8100399756804109e-07,0.13723356799891917,1.0,0.5
500,5,50,1,0.13904639599786606,2.0800507627427578e-07,0.13904660400294233,1.0,0.25
550,1,51,2,0.3096316450028098,2.309971023350954e-07,0.30963187599991215,0.25,1.0
550,1,26,4,0.9579524110013153,4.749963409267366e-07,0.9579528859976563,0.5,1.0
550,1,13,4,0.817609444995469,3.7500285543501377e-07,0.8176098199983244,1.0,1.0
550,1,67,5,1.3427307829988422,2.1700543584302068e-07,1.342731000004278,1.0,0.5
550,1,54,9,2.2900603029993363,2.3799657355993986e-07,2.29006054099591,1.0,0.25
550,2,24,5,0.7976648830008344,2.2500171326100826e-07,0.7976651080025476,0.25,1.0
550,2,67,5,3.552547898994817,4.910034476779401e-07,3.5525483899982646,0.5,1.0
550,2,36,3,0.8523217639958602,2.220040187239647e-07,0.852321985999879,1.0,1.0
550,2,59,10,1.9011415390050388,2.7299392968416214e-07,1.9011418119989685,1.0,0.5
550,2,19,4,0.9260214230016572,1.629960024729371e-07,0.9260215859976597,1.0,0.25
550,3,19,3,0.6703148300002795,3.7899735616520047e-07,0.6703152089976356,0.25,1.0
550,3,33,5,0.9058859020005912,1.5600380720570683e-07,0.9058860580043984,0.5,1.0
550,3,31,8,2.1583340619981755,4.899993655271828e-07,2.158334551997541,1.0,1.0
550,3,69,2,0.5110691390000284,2.1400046534836292e-07,0.5110693530004937,1.0,0.5
550,3,2,1,0.1576197169997613,1.8699938664212823e-07,0.15761990399914794,1.0,0.25
550,4,14,1,0.1409724639961496,1.6000558389350772e-07,0.1409726240017335,0.25,1.0
550,4,50,2,0.30017245699855266,1.5299883671104908e-07,0.3001726099973894,0.5,1.0
550,4,64,1,0.27563223500328604,2.449960447847843e-07,0.2756324799993308,1.0,1.0
550,4,60,8,3.32787509499758,2.6899942895397544e-07,3.327875363997009,1.0,0.5
550,4,42,1,0.2412415150029119,2.057997335214168e-06,0.24124357300024712,1.0,0.25
550,5,39,12,3.391857861999597,2.3400207282975316e-07,3.3918580960016698,0.25,1.0
550,5,13,3,0.5383018549982808,1.849984982982278e-07,0.5383020399967791,0.5,1.0
550,5,39,10,2.891305564000504,5.780020728707314e-07,2.891306142002577,1.0,1.0
550,5,21,6,1.51066834100493,3.569948603399098e-07,1.5106686979997903,1.0,0.5
550,5,38,11,4.450242189996061,1.7000274965539575e-07,4.450242359998811,1.0,0.25
600,1,22,3,0.6426412799992249,2.2500171326100826e-07,0.6426415050009382,0.25,1.0
600,1,16,2,0.7851102080021519,5.309993866831064e-07,0.7851107390015386,0.5,1.0
600,1,41,4,0.8747800100027234,1.7999991541728377e-07,0.8747801900026388,1.0,1.0
600,1,7,1,0.2626736800011713,1.7999991541728377e-07,0.2626738600010867,1.0,0.5
600,1,62,1,0.1956338469972252,1.9800063455477357e-07,0.19563404499785975,1.0,0.25
600,2,19,5,1.1664746079986799,4.62001480627805e-07,1.1664750700001605,0.25,1.0
600,2,30,3,0.7600919579999754,3.2899697544053197e-07,0.7600922869969509,0.5,1.0
600,2,27,6,1.2341625479966751,2.040032995864749e-07,1.2341627519999747,1.0,1.0
600,2,49,1,0.1948304290053784,1.8900027498602867e-07,0.19483061800565338,1.0,0.5
600,2,3,3,0.623603110005206,4.859975888393819e-07,0.6236035960027948,1.0,0.25
600,3,56,2,0.3621012189978501,1.720036379992962e-07,0.3621013910014881,0.25,1.0
600,3,27,1,0.23971266000444302,3.539971658028662e-07,0.23971301400160883,0.5,1.0
600,3,42,1,0.2735346350018517,2.76995706371963e-07,0.2735349119975581,1.0,1.0
600,3,32,6,1.8213512869988335,1.9800063455477357e-07,1.821351484999468,1.0,0.5
600,3,32,3,0.6156503630045336,3.2800016924738884e-07,0.6156506910047028,1.0,0.25
600,4,20,3,0.8470936309968238,3.980021574534476e-07,0.8470940289989812,0.25,1.0
600,4,67,9,2.167231022998749,2.6899942895397544e-07,2.1672312919981778,0.5,1.0
600,4,41,1,0.19839512999897124,2.3400207282975316e-07,0.19839536400104407,1.0,1.0
600,4,14,4,1.0883213670022087,5.940019036643207e-07,1.0883219610041124,1.0,0.5
600,4,10,3,0.7661320119950688,3.490058588795364e-07,0.7661323610009276,1.0,0.25
600,5,20,1,0.19538929300324526,1.4800025383010507e-07,0.1953894410034991,0.25,1.0
600,5,44,11,6.894915411001421,2.1899904822930694e-07,6.894915630000469,0.5,1.0
600,5,50,1,0.1879516569970292,1.5600380720570683e-07,0.1879518130008364,1.0,1.0
600,5,48,1,0.20919300899549853,1.5800469554960728e-07,0.20919316700019408,1.0,0.5
600,5,4,1,0.18641024800308514,2.129963831976056e-07,0.18641046099946834,1.0,0.25
650,1,27,2,0.5405022499980987,1.7900310922414064e-07,0.5405024290012079,0.25,1.0
650,1,24,5,1.850085420999676,4.3299951357766986e-07,1.8500858539991896,0.5,1.0
650,1,14,3,0.7454893789981725,1.9300205167382956e-07,0.7454895720002241,1.0,1.0
650,1,64,7,2.6137756570024067,1.7900310922414064e-07,2.613775836005516,1.0,0.5
650,1,48,9,3.682056174999161,1.8400169210508466e-07,3.6820563590008533,1.0,0.25
650,2,24,14,7.748214184997778,2.0600418793037534e-07,7.748214391001966,0.25,1.0
650,2,22,2,0.4447570410047774,1.7500133253633976e-07,0.44475721600610996,0.5,1.0
650,2,40,3,0.7061015029976261,2.090018824674189e-07,0.7061017119995086,1.0,1.0
650,2,47,4,1.289178102000733,3.850000211969018e-07,1.289178487000754,1.0,0.5
650,2,49,3,0.569464775006054,1.579974195919931e-07,0.5694649330034736,1.0,0.25
650,3,35,6,2.316916960000526,2.670058165676892e-07,2.3169172270063427,0.25,1.0
650,3,5,3,0.7636397349997424,1.9399885786697268e-07,0.7636399289986002,0.5,1.0
650,3,12,1,0.29674936900119064,5.140027496963739e-07,0.29674988300394034,1.0,1.0
650,3,13,5,1.4523824690040783,3.5999983083456755e-07,1.4523828290039091,1.0,0.5
650,3,65,15,9.728889491998416,2.0600418793037534e-07,9.728889698002604,1.0,0.25
650,4,4,1,0.2192870579965529,2.2400490706786513e-07,0.21928728200145997,0.25,1.0
650,4,51,24,24.85746843900415,2.579981810413301e-07,24.857468697002332,0.5,1.0
650,4,21,1,0.20584788699488854,1.6199919627979398e-07,0.20584804899408482,1.0,1.0
650,4,57,1,0.31160238899610704,2.590022631920874e-07,0.31160264799837023,1.0,0.5
650,4,48,3,0.9591796789973159,1.7300044419243932e-07,0.9591798519977601,1.0,0.25
650,5,52,1,0.2793079250041046,3.1099625630304217e-07,0.2793082360003609,0.25,1.0
650,5,65,3,0.8878778849975788,1.8100399756804109e-07,0.8878780660015764,0.5,1.0
650,5,65,3,0.7277855550055392,1.849984982982278e-07,0.7277857400040375,1.0,1.0
650,5,7,7,2.331560674996581,2.95003701467067e-07,2.3315609700002824,1.0,0.5
650,5,16,5,1.241145713996957,2.2000313038006425e-07,1.2411459340000874,1.0,0.25
700,1,42,3,0.8635629359996528,1.8699938664212823e-07,0.8635631229990395,0.25,1.0
700,1,62,1,0.3001132540011895,1.9100116332992911e-07,0.3001134450023528,0.5,1.0
700,1,45,6,3.474632224002562,3.0200317269191146e-07,3.4746325260057347,1.0,1.0
700,1,18,1,0.2781485849991441,2.0700099412351847e-07,0.2781487920001382,1.0,0.5
700,1,55,4,1.083732955994492,1.6900594346225262e-07,1.0837331250004354,1.0,0.25
700,2,44,4,0.9663679150035023,2.1400046534836292e-07,0.9663681290039676,0.25,1.0
700,2,32,1,0.26514178400248056,1.9700382836163044e-07,0.2651419810063089,0.5,1.0
700,2,18,5,1.8790655930060893,4.069952410645783e-07,1.8790660000013304,1.0,1.0
700,2,62,5,1.9280333060014527,1.8200080376118422e-07,1.9280334880022565,1.0,0.5
700,2,40,6,2.9180005000016536,2.4199835024774075e-07,2.918000742000004,1.0,0.25
700,3,53,3,0.6806061690003844,1.8699938664212823e-07,0.680606355999771,0.25,1.0
700,3,58,3,0.9255738990032114,1.9800063455477357e-07,0.925574097003846,0.5,1.0
700,3,47,7,2.7292576500040013,4.5899651013314724e-07,2.7292581090005115,1.0,1.0
700,3,25,1,0.24622839199582813,1.7400452634319663e-07,0.24622856600035448,1.0,0.5
700,3,35,5,1.630764359004388,1.809967216104269e-07,1.6307645400011097,1.0,0.25
700,4,54,13,11.097849119003513,1.9800063455477357e-07,11.097849317004147,0.25,1.0
700,4,35,1,0.3020797259960091,1.9100116332992911e-07,0.3020799169971724,0.5,1.0
700,4,33,12,4.996069508000801,2.2400490706786513e-07,4.996069732005708,1.0,1.0
700,4,3,3,0.906467890003114,4.619942046701908e-07,0.9064683519973187,1.0,0.5
700,4,36,2,0.509839208003541,1.4399847714230418e-07,0.5098393520020181,1.0,0.25
700,5,66,1,0.29796191299828934,2.0299921743571758e-07,0.29796211599750677,0.25,1.0
700,5,46,4,2.1205975620032405,3.2899697544053197e-07,2.120597891000216,0.5,1.0
700,5,22,1,0.24250416900031269,2.169981598854065e-07,0.24250438599847257,1.0,1.0
700,5,11,1,0.3040137749994756,3.270033630542457e-07,0.3040141020028386,1.0,0.5
700,5,40,4,1.204289360997791,1.5499972505494952e-07,1.204289515997516,1.0,0.25
750,1,37,4,1.3169683050000458,2.1600135369226336e-07,1.3169685210013995,0.25,1.0
750,1,16,6,2.0220236879977165,2.1400046534836292e-07,2.022023901998182,0.5,1.0
750,1,32,1,0.2996339329984039,1.8400169210508466e-07,0.299634117000096,1.0,1.0
750,1,54,1,0.3084727870009374,1.9700382836163044e-07,0.30847298400476575,1.0,0.5
750,1,69,1,0.33260144200176,1.6400008462369442e-07,0.33260160600184463,1.0,0.25
750,2,59,2,0.5705434830015292,1.5299883671104908e-07,0.570543636000366,0.25,1.0
750,2,39,6,2.494198109001445,4.219982656650245e-07,2.494198530999711,0.5,1.0
750,2,10,2,0.6111669129968504,2.0299921743571758e-07,0.6111671159960679,1.0,1.0
750,2,46,8,3.3642790840021917,3.7899735616520047e-07,3.364279462999548,1.0,0.5
750,2,50,1,0.34915427600208204,2.3399479687213898e-07,0.3491545099968789,1.0,0.25
750,3,64,1,0.3442448279965902,2.090018824674189e-07,0.34424503699847264,0.25,1.0
750,3,37,1,0.27713237299758475,1.7500133253633976e-07,0.2771325479989173,0.5,1.0
750,3,69,1,0.43419208099658135,1.6700505511835217e-07,0.43419224800163647,1.0,1.0
750,3,58,6,2.9934700110025005,1.6799458535388112e-07,2.993470178997086,1.0,0.5
750,3,7,4,1.7226155610042042,2.500019036233425e-07,1.7226158110061078,1.0,0.25
750,4,22,8,4.1291517530044075,2.66998540610075e-07,4.129152020002948,0.25,1.0
750,4,34,1,0.30552115099999355,2.2300082491710782e-07,0.30552137400081847,0.5,1.0
750,4,65,4,1.3064210840020678,1.9100116332992911e-07,1.3064212750032311,1.0,1.0
750,4,66,7,2.65616974200384,2.0199513528496027e-07,2.656169943998975,1.0,0.5
750,4,42,3,0.8396618149999995,1.410007826052606e-07,0.8396619560007821,1.0,0.25
750,5,6,4,1.3729085559971281,2.1999585442245007e-07,1.3729087759929826,0.25,1.0
750,5,6,3,0.975726462995226,3.500026650726795e-07,0.9757268129978911,0.5,1.0
750,5,57,12,10.024552793998737,2.0200241124257445e-07,10.024552996001148,1.0,1.0
750,5,61,2,0.8362802289993851,5.170004442334175e-07,0.8362807459998294,1.0,0.5
750,5,6,1,0.345611632001237,2.129963831976056e-07,0.3456118449976202,1.0,0.25
800,1,15,2,0.830539474998659,3.949971869587898e-07,0.830539869995846,0.25,1.0
800,1,44,3,1.1428527809985098,2.00001522898674e-07,1.1428529810000327,0.5,1.0
800,1,56,2,0.6645764839995536,2.2399763111025095e-07,0.6645767079971847,1.0,1.0
800,1,18,6,3.3046711609931663,2.400047378614545e-07,3.304671400997904,1.0,0.5
800,1,41,3,1.272385131000192,2.439992385916412e-07,1.2723853749994305,1.0,0.25
800,2,58,1,0.42188847600482404,2.1999585442245007e-07,0.42188869600067846,0.25,1.0
800,2,12,3,1.2557560169952922,2.310043782927096e-07,1.2557562479996704,0.5,1.0
800,2,39,5,1.7248847399969236,1.8799619283527136e-07,1.7248849279931164,1.0,1.0
800,2,19,9,4.82715148099669,2.2900348994880915e-07,4.82715171000018,1.0,0.5
800,2,3,1,0.3402742090038373,6.349946488626301e-07,0.3402748439984862,1.0,0.25
800,3,69,15,8.764171151000482,2.2299354895949364e-07,8.764171373994031,0.25,1.0
800,3,28,9,4.3445137910021,1.9399885786697268e-07,4.344513985000958,0.5,1.0
800,3,65,4,1.5955503880031756,1.9699655240401626e-07,1.595550584999728,1.0,1.0
800,3,17,7,3.5950199910002993,3.929962986148894e-07,3.595020383996598,1.0,0.5
800,3,25,3,1.1603224290010985,2.3400207282975316e-07,1.1603226630031713,1.0,0.25
800,4,31,1,0.32307732299523195,1.9800063455477357e-07,0.3230775209958665,0.25,1.0
800,4,57,3,1.2864283140006592,2.449960447847843e-07,1.286428558996704,0.5,1.0
800,4,39,9,4.521019292995334,1.8300488591194153e-07,4.52101947600022,1.0,1.0
800,4,66,6,2.8561010919947876,1.6600097296759486e-07,2.8561012579957605,1.0,0.5
800,4,55,5,2.7831685839992133,1.9199796952307224e-07,2.783168775997183,1.0,0.25
800,5,67,6,2.7089545330018154,1.899970811791718e-07,2.7089547229988966,0.25,1.0
800,5,30,8,3.2628077490007854,2.809974830597639e-07,3.2628080299982685,0.5,1.0
800,5,16,1,0.291487413996947,1.809967216104269e-07,0.2914875949936686,1.0,1.0
800,5,36,12,6.430584442998224,3.440000000409782e-07,6.4305847869982244,1.0,0.5
800,5,18,2,0.9019271319994004,2.129963831976056e-07,0.9019273449957836,1.0,0.25
850,1,26,1,0.4008082430009381,4.4300395529717207e-07,0.4008086860048934,0.25,1.0
850,1,7,3,1.325330990999646,3.429959178902209e-07,1.325331333995564,0.5,1.0
850,1,50,1,0.3989561449998291,2.1700543584302068e-07,0.39895636200526496,1.0,1.0
850,1,47,1,0.3875611420007772,2.2500171326100826e-07,0.38756136700249044,1.0,0.5
850,1,31,1,0.41736738300096476,2.1400046534836292e-07,0.4173675970014301,1.0,0.25
850,2,9,10,6.522606808001001,2.180022420361638e-07,6.522607026003243,0.25,1.0
850,2,45,2,0.794301647998509,2.4300243239849806e-07,0.7943018910009414,0.5,1.0
850,2,17,2,0.7906723189953482,4.840039764530957e-07,0.7906728029993246,1.0,1.0
850,2,56,7,3.1520156679980573,2.3000029614195228e-07,3.1520158979983535,1.0,0.5
850,2,25,3,1.324390574998688,3.6600249586626887e-07,1.3243909410011838,1.0,0.25
850,3,31,1,0.393151169999328,1.809967216104269e-07,0.3931513509960496,0.25,1.0
850,3,40,1,0.38072580600419315,1.9100116332992911e-07,0.3807259970053565,0.5,1.0
850,3,40,1,0.3602930619963445,2.1500454749912024e-07,0.360293277000892,1.0,1.0
850,3,14,4,1.8064027900036308,4.079993232153356e-07,1.806403198002954,1.0,0.5
850,3,3,3,1.2729818980005803,1.7300044419243932e-07,1.2729820710010245,1.0,0.25
850,4,6,7,3.8565504460057127,4.219982656650245e-07,3.8565508680039784,0.25,1.0
850,4,24,1,0.3711537179988227,2.0200241124257445e-07,0.37115392000123393,0.5,1.0
850,4,29,2,0.8691686610036413,3.749955794773996e-07,0.8691690359992208,1.0,1.0
850,4,34,9,5.585542478002026,5.690017133019865e-07,5.585543047003739,1.0,0.5
850,4,19,1,0.336837088005268,1.849984982982278e-07,0.3368372730037663,1.0,0.25
850,5,31,7,3.457053869999072,2.3400207282975316e-07,3.457054104001145,0.25,1.0
850,5,39,10,4.357935195999744,1.9299477571621537e-07,4.35793538899452,0.5,1.0
850,5,21,2,0.7253744539993932,1.7900310922414064e-07,0.7253746330025024,1.0,1.0
850,5,9,7,4.681106436000846,2.2799940779805183e-07,4.681106664000254,1.0,0.5
850,5,54,3,1.351466801999777,1.720036379992962e-07,1.351466974003415,1.0,0.25
900,1,12,5,2.9658450200004154,3.889945219270885e-07,2.9658454089949373,0.25,1.0
900,1,44,5,1.9762307109995163,2.6100315153598785e-07,1.9762309720026678,0.5,1.0
900,1,60,2,1.127907503003371,1.8900027498602867e-07,1.127907692003646,1.0,1.0
900,1,49,1,0.43652997300523566,1.7099955584853888e-07,0.4365301440047915,1.0,0.5
900,1,3,4,2.2670496870050556,1.8799619283527136e-07,2.2670498750012484,1.0,0.25
900,2,51,1,0.501498099998571,1.8800346879288554e-07,0.5014982880020398,0.25,1.0
900,2,6,3,1.360053254997183,5.030015017837286e-07,1.3600537579986849,0.5,1.0
900,2,2,2,0.9044210349966306,4.859975888393819e-07,0.9044215209942195,1.0,1.0
900,2,67,6,4.240552233997732,5.460024112835526e-07,4.240552780000144,1.0,0.5
900,2,56,1,0.4819316099965363,2.3299799067899585e-07,0.48193184299452696,1.0,0.25
900,3,16,3,1.3469835610012524,2.71997123491019e-07,1.3469838329983759,0.25,1.0
900,3,37,6,5.280916146999516,4.159956006333232e-07,5.280916562995117,0.5,1.0
900,3,44,6,5.014772054004425,1.9100116332992911e-07,5.014772245005588,1.0,1.0
900,3,16,4,2.044006255993736,1.860025804489851e-07,2.0440064419963164,1.0,0.5
900,3,31,1,0.40018600199982757,1.3800308806821704e-07,0.40018614000291564,1.0,0.25
900,4,8,2,0.8234218310026336,1.5499972505494952e-07,0.8234219860023586,0.25,1.0
900,4,24,5,2.387642574001802,2.0999868866056204e-07,2.387642784000491,0.5,1.0
900,4,16,5,2.368105381996429,1.6700505511835217e-07,2.368105549001484,1.0,1.0
900,4,32,5,2.1200512569994316,2.0999868866056204e-07,2.1200514669981203,1.0,0.5
900,4,16,1,0.38776063499972224,1.7799902707338333e-07,0.3877608129987493,1.0,0.25
900,5,9,1,0.40794633900077315,3.1899980967864394e-07,0.40794665800058283,0.25,1.0
900,5,33,9,5.2773410890004016,3.3400283427909017e-07,5.277341423003236,0.5,1.0
900,5,60,4,1.869312124006683,1.7799902707338333e-07,1.86931230200571,1.0,1.0
900,5,48,1,0.39213591699808603,1.680018613114953e-07,0.39213608499994734,1.0,0.5
900,5,65,1,0.5054743889995734,1.9500294001773e-07,0.5054745840025134,1.0,0.25
950,1,38,3,1.9707417879981222,5.109977792017162e-07,1.9707422989959014,0.25,1.0
950,1,63,2,1.0022349829960149,1.6400008462369442e-07,1.0022351469960995,0.5,1.0
950,1,35,1,0.5652014060033252,3.809982445091009e-07,0.5652017870015698,1.0,1.0
950,1,56,4,2.5262026759955916,3.4700497053563595e-07,2.526203023000562,1.0,0.5
950,1,42,1,0.47391082599642687,1.7399725038558245e-07,0.47391099999367725,1.0,0.25
950,2,8,4,1.9568543499990483,1.6199919627979398e-07,1.9568545119982446,0.25,1.0
950,2,5,5,2.7590064169999096,3.5500124795362353e-07,2.7590067720011575,0.5,1.0
950,2,36,1,0.490285195002798,2.0999868866056204e-07,0.49028540500148665,1.0,1.0
950,2,7,6,4.191224638001586,3.7800054997205734e-07,4.191225016002136,1.0,0.5
950,2,41,1,0.46187839900085237,1.9399885786697268e-07,0.46187859299971024,1.0,0.25
950,3,63,6,4.9914818269971875,2.899978426285088e-07,4.99148211699503,0.25,1.0
950,3,41,13,8.52171984600136,2.489978214725852e-07,8.521720094999182,0.5,1.0
950,3,41,2,0.9101893909974024,2.0500010577961802e-07,0.9101895959975081,1.0,1.0
950,3,8,5,2.7231028599999263,3.809982445091009e-07,2.723103240998171,1.0,0.5
950,3,68,2,0.8303648919973057,1.7400452634319663e-07,0.830365066001832,1.0,0.25
950,4,56,3,1.4453182950019254,1.809967216104269e-07,1.445318475998647,0.25,1.0
950,4,8,7,5.905946498998674,3.6900019040331244e-07,5.905946867998864,0.5,1.0
950,4,56,1,0.48365612600173336,1.7399725038558245e-07,0.48365629999898374,1.0,1.0
950,4,6,1,0.5210108679966652,3.489985829219222e-07,0.5210112169952481,1.0,0.5
950,4,57,9,7.725348592000955,2.1099549485370517e-07,7.72534880299645,1.0,0.25
950,5,66,2,1.0360180220013717,2.1099549485370517e-07,1.0360182329968666,0.25,1.0
950,5,55,2,1.314275123004336,2.2699532564729452e-07,1.3142753499996616,0.5,1.0
950,5,16,4,2.2218992990019615,2.00001522898674e-07,2.2218994990034844,1.0,1.0
950,5,37,1,0.392328431000351,2.2099993657320738e-07,0.39232865200028755,1.0,0.5
950,5,66,2,1.3910016730005736,2.71997123491019e-07,1.3910019449976971,1.0,0.25
1000,1,69,3,2.0024376360015594,1.9399885786697268e-07,2.0024378300004173,0.25,1.0
1000,1,2,3,1.8385766150022391,4.1000021155923605e-07,1.8385770250024507,0.5,1.0
1000,1,55,2,1.4286715099951834,3.940003807656467e-07,1.4286719039955642,1.0,1.0
1000,1,34,3,1.8054430070042145,1.9099388737231493e-07,1.8054431979981018,1.0,0.5
1000,1,19,2,1.1143018389993813,2.980013960041106e-07,1.1143021370007773,1.0,0.25
1000,2,53,3,1.8451029959978769,3.399982233531773e-07,1.8451033359961002,0.25,1.0
1000,2,12,5,2.83526740999514,3.6500568967312574e-07,2.8352677750008297,0.5,1.0
1000,2,65,4,2.1060855589967105,1.7400452634319663e-07,2.106085733001237,1.0,1.0
1000,2,50,3,1.769412576999457,1.7399725038558245e-07,1.7694127509967075,1.0,0.5
1000,2,56,2,0.874459229002241,1.6100239008665085e-07,0.8744593900046311,1.0,0.25
1000,3,57,1,0.5184331810014555,1.7999991541728377e-07,0.5184333610013709,0.25,1.0
1000,3,30,6,3.2997442150008283,2.040032995864749e-07,3.299744419004128,0.5,1.0
1000,3,40,1,0.4306400300047244,1.899970811791718e-07,0.4306402200018056,1.0,1.0
1000,3,29,2,1.4348525929963216,2.8400245355442166e-07,1.4348528769987752,1.0,0.5
1000,3,35,1,0.6315923689980991,2.95003701467067e-07,0.6315926640018006,1.0,0.25
1000,4,15,1,0.5728516449962626,2.169981598854065e-07,0.5728518619944225,0.25,1.0
1000,4,34,1,0.7709416429934208,3.00002284348011e-07,0.7709419429957052,0.5,1.0
1000,4,53,6,5.617587936998461,2.3200118448585272e-07,5.617588168999646,1.0,1.0
1000,4,68,3,1.9438473930058535,2.0699371816590428e-07,1.9438475999995717,1.0,0.5
1000,4,29,7,5.546505600003002,3.500026650726795e-07,5.546505950005667,1.0,0.25
1000,5,38,14,19.762531774002127,2.489978214725852e-07,19.76253202299995,0.25,1.0
1000,5,51,8,5.860511667000537,2.079978003166616e-07,5.860511874998338,0.5,1.0
1000,5,65,1,0.5333549530041637,1.5099794836714864e-07,0.5333551040021121,1.0,1.0
1000,5,22,2,1.290915767000115,4.7300272854045033e-07,1.2909162400028436,1.0,0.5
1000,5,11,1,0.558100367001316,3.989989636465907e-07,0.5581007660002797,1.0,0.25
1500,1,60,16,49.00860809299775,2.820015652105212e-07,49.00860837499931,0.25,1.0
1500,1,50,1,1.117860856000334,2.989982021972537e-07,1.1178611549985362,0.5,1.0
1500,1,32,4,5.803775356005644,4.3199543142691255e-07,5.803775788001076,1.0,1.0
1500,1,25,10,17.679951874000835,2.1600135369226336e-07,17.67995209000219,1.0,0.5
1500,1,14,1,1.2055802410031902,4.4999615056440234e-07,1.2055806909993407,1.0,0.25
1500,2,23,2,2.3666506399968057,3.0599767342209816e-07,2.366650945994479,0.25,1.0
1500,2,41,1,1.205152659000305,2.0600418793037534e-07,1.205152865004493,0.5,1.0
1500,2,63,8,11.150090281000303,1.6100239008665085e-07,11.150090442002693,1.0,1.0
1500,2,16,1,0.9912923480005702,1.5800469554960728e-07,0.9912925060052657,1.0,0.5
1500,2,24,10,16.72303197900328,3.079985617659986e-07,16.723032287001843,1.0,0.25
1500,3,37,5,7.161218646993802,2.0300649339333177e-07,7.161218850000296,0.25,1.0
1500,3,67,1,1.0695730739971623,2.2399763111025095e-07,1.0695732979947934,0.5,1.0
1500,3,23,2,2.8065286979981465,4.6400236897170544e-07,2.8065291620005155,1.0,1.0
1500,3,65,1,1.0741046010007267,2.630040398798883e-07,1.0741048640047666,1.0,0.5
1500,3,16,4,5.552343727002153,3.850000211969018e-07,5.552344112002174,1.0,0.25
1500,4,61,5,6.871309333000681,2.130036591552198e-07,6.8713095460043405,0.25,1.0
1500,4,21,1,1.1886826199988718,5.309993866831064e-07,1.1886831509982585,0.5,1.0
1500,4,46,3,5.0453175630027545,5.210022209212184e-07,5.045318084004975,1.0,1.0
1500,4,6,6,8.551979259005748,4.0599843487143517e-07,8.551979665004183,1.0,0.5
1500,4,46,3,4.384948704995622,1.9500294001773e-07,4.384948899998562,1.0,0.25
1500,5,69,3,3.4105609570033266,2.040032995864749e-07,3.410561161006626,0.25,1.0
1500,5,27,1,1.135465295999893,3.980021574534476e-07,1.1354656940020504,0.5,1.0
1500,5,56,6,10.645899144001305,4.6499917516484857e-07,10.64589960900048,1.0,1.0
1500,5,64,1,1.2004992970032617,2.0500010577961802e-07,1.2004995020033675,1.0,0.5
1500,5,10,1,1.0965365019947058,4.030007403343916e-07,1.096536904995446,1.0,0.25
2000,1,69,1,1.9608453039982123,2.090018824674189e-07,1.9608455130000948,0.25,1.0
2000,1,39,6,14.969064871002047,2.439992385916412e-07,14.969065115001285,0.5,1.0
2000,1,47,1,2.0849740369958454,2.2799940779805183e-07,2.084974264995253,1.0,1.0
2000,1,5,3,6.86409363400162,2.0800507627427578e-07,6.864093842006696,1.0,0.5
2000,1,50,1,1.8999742309970316,1.8300488591194153e-07,1.8999744140019175,1.0,0.25
2000,2,27,1,2.0059001039990108,2.0700099412351847e-07,2.005900311000005,0.25,1.0
2000,2,66,1,1.8045051919980324,2.4199835024774075e-07,1.8045054339963826,0.5,1.0
2000,2,16,1,1.989077256002929,5.480032996274531e-07,1.9890778040062287,1.0,1.0
2000,2,7,5,12.80617239500134,1.9499566406011581e-07,12.806172589997004,1.0,0.5
2000,2,37,7,19.67015261999768,4.169996827840805e-07,19.670153036997363,1.0,0.25
2000,3,36,9,27.428264964997652,4.989997250959277e-07,27.428265463997377,0.25,1.0
2000,3,22,1,1.9571245150000323,2.5099870981648564e-07,1.957124765998742,0.5,1.0
2000,3,50,3,7.172133701002167,1.9100116332992911e-07,7.17213389200333,1.0,1.0
2000,3,4,5,12.675122503998864,4.160028765909374e-07,12.67512292000174,1.0,0.5
2000,3,24,1,1.784925176994875,1.7400452634319663e-07,1.7849253509994014,1.0,0.25
2000,4,34,8,20.57870853500208,2.2900348994880915e-07,20.57870876400557,0.25,1.0
2000,4,29,1,1.998198424000293,1.8800346879288554e-07,1.9981986120037618,0.5,1.0
2000,4,35,5,11.219810816997779,1.7600541468709707e-07,11.219810993003193,1.0,1.0
2000,4,15,2,4.522917630994925,3.8800499169155955e-07,4.522918018999917,1.0,0.5
2000,4,24,1,1.9708280570048373,3.8700090954080224e-07,1.9708284440057469,1.0,0.25
2000,5,66,2,4.792450453001948,2.0599691197276115e-07,4.79245065899886,0.25,1.0
2000,5,44,1,2.1034389670021483,4.2699684854596853e-07,2.103439393998997,0.5,1.0
2000,5,8,7,18.40247870299936,2.00001522898674e-07,18.402478903000883,1.0,1.0
2000,5,6,3,7.071335881999403,4.0499435272067785e-07,7.0713362869937555,1.0,0.5
2000,5,68,1,1.8374204620049568,4.629982868209481e-07,1.8374209250032436,1.0,0.25
2500,1,22,9,42.39598837499943,4.249959602020681e-07,42.39598879999539,0.25,1.0
2500,1,27,2,6.336599439004203,2.5500048650428653e-07,6.33659969400469,0.5,1.0
2500,1,38,1,2.7973554210038856,2.0699371816590428e-07,2.7973556279976037,1.0,1.0
2500,1,11,2,6.934238998001092,3.359964466653764e-07,6.934239333997539,1.0,0.5
2500,1,41,1,2.6615342660006718,2.580054569989443e-07,2.6615345240061288,1.0,0.25
2500,2,55,1,3.4424619339988567,3.980021574534476e-07,3.442462332001014,0.25,1.0
2500,2,43,1,3.0453008800031967,2.4800101527944207e-07,3.045301128004212,0.5,1.0
2500,2,23,1,3.1336912469996605,4.81995812151581e-07,3.1336917289954727,1.0,1.0
2500,2,15,12,53.74925522600097,5.020046955905855e-07,53.749255728005664,1.0,0.5
2500,2,65,1,2.872462801002257,2.3200118448585272e-07,2.8724630330034415,1.0,0.25
2500,3,54,2,6.759618037001928,2.529995981603861e-07,6.7596182900015265,0.25,1.0
2500,3,24,1,3.076912877993891,4.4199987314641476e-07,3.076913319993764,0.5,1.0
2500,3,63,5,17.67852510499506,2.439992385916412e-07,17.6785253489943,1.0,1.0
2500,3,57,1,2.9017098910044297,1.9499566406011581e-07,2.9017100860000937,1.0,0.5
2500,3,47,5,17.68942199299636,2.1400046534836292e-07,17.689422206996824,1.0,0.25
2500,4,30,1,2.9409024830019916,2.1899904822930694e-07,2.94090270200104,0.25,1.0
2500,4,26,1,2.7903265900022234,1.590015017427504e-07,2.790326749003725,0.5,1.0
2500,4,62,5,17.509892383997794,1.9800063455477357e-07,17.50989258199843,1.0,1.0
2500,4,67,1,2.9624806009960594,1.849984982982278e-07,2.9624807859945577,1.0,0.5
2500,4,44,2,6.42289671600156,5.659967428073287e-07,6.422897281998303,1.0,0.25
2500,5,5,6,27.548122164000233,3.770037437789142e-07,27.548122541003977,0.25,1.0
2500,5,16,2,7.273024946996884,5.100009730085731e-07,7.273025456997857,0.5,1.0
2500,5,61,1,3.0276999060006347,2.0600418793037534e-07,3.0277001120048226,1.0,1.0
2500,5,62,3,11.313428208995902,3.7300196709111333e-07,11.313428581997869,1.0,0.5
2500,5,45,2,7.206454441999085,1.7799902707338333e-07,7.206454619998112,1.0,0.25
3000,1,18,4,22.38072788000136,3.7899735616520047e-07,22.380728258998715,0.25,1.0
3000,1,13,3,15.373992726999859,9.300056262873113e-07,15.373993657005485,0.5,1.0
3000,1,35,1,4.414441478002118,2.079978003166616e-07,4.414441685999918,1.0,1.0
3000,1,21,2,9.525061756998184,2.1100277081131935e-07,9.525061968000955,1.0,0.5
3000,1,38,5,25.40804850299901,2.1999585442245007e-07,25.408048722994863,1.0,0.25
3000,2,41,2,9.320031049996032,2.270026016049087e-07,9.320031276998634,0.25,1.0
3000,2,10,10,105.19779594500142,4.2800093069672585e-07,105.19779637300235,0.5,1.0
3000,2,68,2,9.658504562001326,2.0199513528496027e-07,9.658504763996461,1.0,1.0
3000,2,70,3,15.044937190003111,1.8599530449137092e-07,15.044937375998416,1.0,0.5
3000,2,16,3,14.677018521004356,2.180022420361638e-07,14.677018739006598,1.0,0.25
3000,3,59,1,3.978511316003278,1.8299760995432734e-07,3.978511499000888,0.25,1.0
3000,3,44,1,4.099168808999821,1.9900471670553088e-07,4.099169008004537,0.5,1.0
3000,3,37,10,68.00973857999634,5.900001269765198e-07,68.00973916999646,1.0,1.0
3000,3,8,2,9.29898877099913,4.3700129026547074e-07,9.298989208000421,1.0,0.5
3000,3,38,1,4.66300908899575,3.910026862286031e-07,4.663009479998436,1.0,0.25
3000,4,18,4,20.737023253997904,5.200054147280753e-07,20.73702377400332,0.25,1.0
3000,4,35,5,27.22125536800013,4.2300234781578183e-07,27.221255791002477,0.5,1.0
3000,4,9,1,4.065588575002039,1.989974407479167e-07,4.06558877399948,1.0,1.0
3000,4,39,13,98.97421308900084,2.7399801183491945e-07,98.97421336299885,1.0,0.5
3000,4,38,2,9.92696194400196,5.600013537332416e-07,9.926962504003313,1.0,0.25
3000,5,67,3,16.477035632997286,2.980013960041106e-07,16.47703593099868,0.25,1.0
3000,5,63,7,41.90393713799858,4.880057531408966e-07,41.903937626004335,0.5,1.0
3000,5,67,7,51.86215152600198,4.899993655271828e-07,51.862152016001346,1.0,1.0
3000,5,66,10,73.89565204499377,4.500034265220165e-07,73.8956524949972,1.0,0.5
3000,5,24,3,15.87669819000439,4.829998943023384e-07,15.876698673004285,1.0,0.25
