MST_14,simulated_k12_l1500_8,SEQ_2,SEQ_1,simulated_k12_l1500_17,SEQ_4,SEQ_7,simulated_k12_l1500_14,MST_11,MST_8,MST_1,simulated_k12_l1500_21,MST_9,simulated_k12_l1500_12,SEQ_9,simulated_k12_l1500_10,MST_5,SEQ_8,MST_12,simulated_k12_l1500_18,simulated_k12_l1500_20,MST_13,SEQ_6,MST_15,MST_4,SEQ_0,MST_10,SEQ_3,simulated_k12_l1500_22,MST_2,SEQ_12,simulated_k12_l1500_6,MST_7,MST_3,SEQ_11,simulated_k12_l1500_19,MST_6,SEQ_10,simulated_k12_l1500_16,SEQ_5
0.0,,185.0,205.0,,177.0,159.0,,,,,,,,159.0,,,159.0,,,,,160.0,86.0,,250.0,,181.0,,,86.0,,,,160.0,,,160.0,,161.0
177.0,0.0,28.0,45.0,39.0,19.0,18.0,23.0,19.0,23.0,770.0,29.0,17.0,38.0,18.0,41.0,35.0,18.0,19.0,42.0,39.0,177.0,17.0,89.0,41.0,77.0,16.0,23.0,28.0,537.0,89.0,,26.0,876.0,19.0,35.0,39.0,19.0,29.0,18.0
,,0.0,,,10.0,26.0,,,,,,,,26.0,,,26.0,,,,,25.0,,,,,4.0,,,89.0,,,,27.0,,,27.0,,24.0
,,25.0,0.0,,32.0,45.0,,,,,,,,46.0,,,45.0,,,,,44.0,,,,,28.0,,,68.0,,,,47.0,,,47.0,,45.0
180.0,,45.0,32.0,0.0,39.0,21.0,,20.0,42.0,772.0,48.0,24.0,,21.0,,28.0,21.0,20.0,11.0,42.0,180.0,22.0,91.0,35.0,74.0,23.0,41.0,47.0,534.0,91.0,,40.0,871.0,20.0,36.0,57.0,20.0,,23.0
,,,,,0.0,18.0,,,,,,,,18.0,,,18.0,,,,,17.0,,,,,,,,94.0,,,,19.0,,,19.0,,16.0
,,,,,,0.0,,,,,,,,0.0,,,0.0,,,,,,,,,,,,,99.0,,,,1.0,,,1.0,,
180.0,,25.0,41.0,42.0,23.0,21.0,0.0,22.0,22.0,767.0,24.0,20.0,,21.0,,34.0,21.0,22.0,47.0,42.0,180.0,20.0,94.0,43.0,75.0,19.0,23.0,25.0,532.0,94.0,,26.0,872.0,22.0,38.0,41.0,22.0,28.0,21.0
160.0,,27.0,46.0,,19.0,1.0,,0.0,,,,,,1.0,,,1.0,0.0,,,160.0,2.0,100.0,,91.0,,22.0,,,100.0,,,,0.0,,,0.0,,2.0
180.0,,7.0,30.0,,3.0,21.0,,22.0,0.0,,,18.0,,21.0,,,21.0,22.0,,,180.0,20.0,93.0,,76.0,19.0,6.0,,,93.0,,,,22.0,,,22.0,,19.0
731.0,,765.0,750.0,,767.0,778.0,,779.0,766.0,0.0,,775.0,,778.0,,369.0,778.0,779.0,,,731.0,777.0,41.0,365.0,708.0,777.0,766.0,,249.0,41.0,,764.0,675.0,779.0,,752.0,779.0,,777.0
186.0,,27.0,34.0,,29.0,27.0,,28.0,26.0,763.0,0.0,26.0,,27.0,,29.0,27.0,28.0,,,186.0,26.0,86.0,38.0,70.0,25.0,29.0,13.0,527.0,86.0,,30.0,871.0,28.0,,43.0,28.0,,27.0
162.0,,23.0,44.0,,15.0,2.0,,3.0,,,,0.0,,3.0,,,2.0,3.0,,,162.0,1.0,96.0,,88.0,0.0,18.0,,,96.0,,,,4.0,,,4.0,,1.0
179.0,,26.0,46.0,41.0,22.0,20.0,41.0,21.0,25.0,768.0,47.0,21.0,0.0,20.0,,37.0,20.0,21.0,48.0,23.0,179.0,21.0,89.0,41.0,79.0,22.0,22.0,46.0,533.0,89.0,,28.0,874.0,21.0,15.0,43.0,21.0,47.0,20.0
,,,,,,,,,,,,,,0.0,,,,,,,,,,,,,,,,100.0,,,,1.0,,,1.0,,
182.0,,30.0,50.0,44.0,25.0,23.0,44.0,24.0,28.0,767.0,50.0,24.0,25.0,23.0,0.0,41.0,23.0,24.0,51.0,28.0,182.0,24.0,88.0,38.0,78.0,25.0,26.0,49.0,531.0,88.0,,32.0,872.0,24.0,20.0,47.0,24.0,50.0,23.0
198.0,,21.0,1.0,,26.0,38.0,,39.0,26.0,,,37.0,,39.0,,0.0,38.0,39.0,,,198.0,37.0,45.0,,31.0,36.0,22.0,,,45.0,,22.0,,40.0,,21.0,40.0,,38.0
,,,,,,,,,,,,,,0.0,,,0.0,,,,,,,,,,,,,99.0,,,,1.0,,,1.0,,
160.0,,27.0,46.0,,19.0,1.0,,,,,,,,1.0,,,1.0,0.0,,,160.0,2.0,100.0,,91.0,,22.0,,,100.0,,,,0.0,,,0.0,,2.0
187.0,,50.0,34.0,,44.0,28.0,,27.0,47.0,772.0,53.0,29.0,,28.0,,26.0,28.0,27.0,0.0,47.0,187.0,27.0,92.0,36.0,71.0,28.0,46.0,52.0,534.0,92.0,,43.0,871.0,27.0,43.0,53.0,27.0,,28.0
182.0,,21.0,41.0,,21.0,23.0,,24.0,24.0,767.0,48.0,24.0,,23.0,,30.0,23.0,24.0,,0.0,182.0,22.0,87.0,41.0,76.0,23.0,20.0,47.0,530.0,87.0,,26.0,871.0,24.0,,36.0,24.0,,23.0
0.0,,185.0,205.0,,177.0,159.0,,,,,,,,159.0,,,159.0,,,,0.0,160.0,86.0,,250.0,,181.0,,,86.0,,,,160.0,,,160.0,,161.0
,,,,,,1.0,,,,,,,,1.0,,,1.0,,,,,0.0,,,,,,,,99.0,,,,2.0,,,2.0,,
,,89.0,68.0,,94.0,99.0,,,,,,,,100.0,,,99.0,,,,,99.0,0.0,,11.0,,90.0,,,0.0,,,,101.0,,,101.0,,98.0
197.0,,41.0,30.0,,40.0,38.0,,39.0,40.0,,,36.0,,38.0,,30.0,38.0,39.0,,,197.0,37.0,41.0,0.0,29.0,36.0,39.0,,,41.0,,38.0,,39.0,,40.0,39.0,,37.0
,,72.0,45.0,,78.0,90.0,,,,,,,,91.0,,,90.0,,,,,89.0,,,0.0,,74.0,,,11.0,,,,92.0,,,92.0,,89.0
161.0,,24.0,43.0,,16.0,2.0,,3.0,,,,,,2.0,,,2.0,3.0,,,161.0,1.0,98.0,,88.0,0.0,19.0,,,98.0,,,,3.0,,,3.0,,1.0
,,,,,5.0,21.0,,,,,,,,22.0,,,21.0,,,,,20.0,,,,,0.0,,,90.0,,,,23.0,,,23.0,,19.0
185.0,,26.0,34.0,,28.0,26.0,,27.0,25.0,766.0,,25.0,,26.0,,29.0,26.0,27.0,,,185.0,25.0,88.0,37.0,73.0,24.0,28.0,0.0,531.0,88.0,,29.0,872.0,27.0,,44.0,27.0,,26.0
703.0,,529.0,510.0,,533.0,544.0,,545.0,533.0,,,542.0,,544.0,,129.0,544.0,545.0,,,703.0,543.0,32.0,125.0,469.0,542.0,531.0,,0.0,32.0,,529.0,429.0,545.0,,516.0,545.0,,544.0
,,,,,,,,,,,,,,,,,,,,,,,,,,,,,,0.0,,,,,,,,,
177.0,36.0,28.0,49.0,39.0,20.0,18.0,39.0,19.0,23.0,770.0,45.0,21.0,24.0,18.0,29.0,38.0,18.0,19.0,46.0,25.0,177.0,19.0,91.0,38.0,80.0,20.0,24.0,44.0,536.0,91.0,0.0,29.0,878.0,19.0,19.0,41.0,19.0,45.0,20.0
186.0,,6.0,22.0,,11.0,26.0,,27.0,8.0,,,24.0,,27.0,,,26.0,27.0,,,186.0,25.0,86.0,,67.0,24.0,6.0,,,86.0,,0.0,,28.0,,,28.0,,25.0
701.0,,871.0,848.0,,874.0,882.0,,883.0,874.0,,,879.0,,882.0,,467.0,882.0,883.0,,,701.0,881.0,51.0,467.0,809.0,880.0,871.0,,,51.0,,868.0,0.0,883.0,,857.0,883.0,,880.0
,,,,,,,,,,,,,,,,,,,,,,,,,,,,,,101.0,,,,0.0,,,,,
176.0,,17.0,36.0,,15.0,17.0,,18.0,18.0,770.0,44.0,18.0,,17.0,,29.0,17.0,18.0,,10.0,176.0,18.0,92.0,41.0,80.0,19.0,14.0,43.0,534.0,92.0,,20.0,873.0,18.0,0.0,36.0,18.0,,17.0
203.0,,20.0,36.0,,29.0,44.0,,45.0,26.0,,,41.0,,44.0,,,44.0,45.0,,,203.0,43.0,67.0,,51.0,42.0,23.0,,,67.0,,17.0,,45.0,,0.0,45.0,,43.0
,,,,,,,,,,,,,,,,,,,,,,,,,,,,,,101.0,,,,0.0,,,0.0,,
186.0,,29.0,51.0,48.0,29.0,27.0,,28.0,28.0,765.0,30.0,26.0,,27.0,,42.0,27.0,28.0,53.0,48.0,186.0,26.0,84.0,39.0,71.0,25.0,29.0,29.0,529.0,84.0,,32.0,871.0,28.0,44.0,40.0,28.0,0.0,27.0
,,,,,,1.0,,,,,,,,2.0,,,1.0,,,,,0.0,,,,,,,,98.0,,,,3.0,,,3.0,,0.0
